sim_id,origin,split,r_squared,r2_band,sample_weight,is_iter3,ny_original,c2c_d_um,w_mean_um,w_min_um,w_max_um
sim_001,lab_sb,test,0.3908,"R²∈[0.30,0.70)",1.0,false,739,0.2060,0.0258,0.0210,0.0360
sim_002,lab_sb,train,0.1043,R²<0.30,1.0,false,922,0.2670,0.0324,0.0270,0.0430
sim_003,lab_sb,train,0.3767,"R²∈[0.30,0.70)",1.0,false,641,0.1730,0.0354,0.0200,0.0510
sim_004,lab_sb,test,0.1062,R²<0.30,1.0,false,722,0.2000,0.0770,0.0770,0.0770
sim_005,lab_sb,train,0.4850,"R²∈[0.30,0.70)",1.0,false,580,0.1530,0.0603,0.0380,0.0760
sim_006,lab_sb,train,0.1152,R²<0.30,1.0,false,994,0.2910,0.0850,0.0340,0.1460
sim_007,lab_sb,train,0.0060,R²<0.30,1.0,false,656,0.1780,0.0620,0.0620,0.0620
sim_008,lab_sb,train,0.3445,"R²∈[0.30,0.70)",1.0,false,574,0.1510,0.0255,0.0200,0.0360
sim_009,lab_sb,test,0.4184,"R²∈[0.30,0.70)",1.0,false,847,0.2420,0.0630,0.0250,0.1210
sim_010,lab_sb,val,0.0096,R²<0.30,1.0,false,1011,0.2960,0.0569,0.0300,0.0840
sim_011,lab_sb,test,0.0170,R²<0.30,1.0,false,926,0.2680,0.0475,0.0270,0.0680
sim_012,lab_sb,train,0.2603,R²<0.30,1.0,false,1012,0.2970,0.0316,0.0300,0.0350
sim_013,lab_sb,train,0.1280,R²<0.30,1.0,false,845,0.2410,0.0389,0.0240,0.0680
sim_014,lab_sb,train,0.6281,"R²∈[0.30,0.70)",1.0,false,578,0.1520,0.0384,0.0200,0.0740
sim_015,lab_sb,train,0.2523,R²<0.30,1.0,false,934,0.2710,0.0276,0.0270,0.0290
sim_016,lab_sb,train,0.0271,R²<0.30,1.0,false,677,0.1850,0.0520,0.0520,0.0520
sim_017,lab_sb,test,0.1307,R²<0.30,1.0,false,626,0.1680,0.0381,0.0200,0.0730
sim_018,lab_sb,test,0.3443,"R²∈[0.30,0.70)",1.0,false,649,0.1760,0.0260,0.0200,0.0380
sim_019,lab_sb,train,0.5342,"R²∈[0.30,0.70)",1.0,false,868,0.2490,0.0851,0.0400,0.1240
sim_020,lab_sb,train,0.0013,R²<0.30,1.0,false,664,0.1810,0.0330,0.0330,0.0330
sim_021,lab_sb,train,0.5393,"R²∈[0.30,0.70)",1.0,false,1006,0.2950,0.1022,0.0490,0.1480
sim_022,lab_sb,train,0.2684,R²<0.30,1.0,false,749,0.2090,0.0710,0.0710,0.0710
sim_023,lab_sb,val,0.0281,R²<0.30,1.0,false,987,0.2880,0.0950,0.0950,0.0950
sim_024,lab_sb,train,0.0083,R²<0.30,1.0,false,805,0.2280,0.0737,0.0320,0.1140
sim_025,lab_sb,test,0.1612,R²<0.30,1.0,false,745,0.2080,0.0752,0.0390,0.1040
sim_026,lab_sb,train,0.0283,R²<0.30,1.0,false,836,0.2380,0.0329,0.0240,0.0510
sim_027,lab_sb,train,0.0121,R²<0.30,1.0,false,815,0.2310,0.0323,0.0230,0.0500
sim_028,lab_sb,val,0.0013,R²<0.30,1.0,false,648,0.1750,0.0427,0.0200,0.0870
sim_029,lab_sb,train,0.0012,R²<0.30,1.0,false,920,0.2660,0.0580,0.0580,0.0580
sim_030,lab_sb,train,0.0044,R²<0.30,1.0,false,578,0.1520,0.0400,0.0200,0.0600
sim_031,lab_sb,train,0.0471,R²<0.30,1.0,false,900,0.2590,0.0472,0.0260,0.0890
sim_032,lab_sb,train,0.0602,R²<0.30,1.0,false,988,0.2890,0.0800,0.0310,0.1440
sim_033,lab_sb,test,0.3968,"R²∈[0.30,0.70)",1.0,false,959,0.2790,0.0780,0.0780,0.0780
sim_034,lab_sb,train,0.0377,R²<0.30,1.0,false,613,0.1640,0.0297,0.0200,0.0390
sim_035,lab_sb,train,0.1843,R²<0.30,1.0,false,719,0.1990,0.0437,0.0200,0.0670
sim_036,lab_sb,train,0.1851,R²<0.30,1.0,false,695,0.1910,0.0380,0.0200,0.0560
sim_037,lab_sb,train,0.2858,R²<0.30,1.0,false,625,0.1680,0.0681,0.0450,0.0840
sim_038,lab_sb,train,0.0994,R²<0.30,1.0,false,897,0.2580,0.0660,0.0260,0.1050
sim_039,lab_sb,train,0.1745,R²<0.30,1.0,false,795,0.2240,0.0440,0.0220,0.0860
sim_040,lab_sb,train,0.0001,R²<0.30,1.0,false,622,0.1670,0.0270,0.0270,0.0270
sim_041,lab_sb,train,0.0877,R²<0.30,1.0,false,586,0.1550,0.0338,0.0200,0.0470
sim_042,lab_sb,test,0.9579,R²≥0.85,20.0,false,825,0.2340,0.1080,0.1080,0.1080
sim_043,lab_sb,train,0.1720,R²<0.30,1.0,false,683,0.1870,0.0335,0.0200,0.0600
sim_044,lab_sb,val,0.2821,R²<0.30,1.0,false,661,0.1800,0.0218,0.0200,0.0250
sim_045,lab_sb,train,0.3658,"R²∈[0.30,0.70)",1.0,false,701,0.1930,0.0781,0.0510,0.0960
sim_046,lab_sb,train,0.0509,R²<0.30,1.0,false,854,0.2440,0.0915,0.0510,0.1220
sim_047,lab_sb,test,0.0160,R²<0.30,1.0,false,965,0.2810,0.0530,0.0530,0.0530
sim_048,lab_sb,test,0.4416,"R²∈[0.30,0.70)",1.0,false,757,0.2120,0.0766,0.0390,0.1060
sim_049,lab_sb,train,0.1044,R²<0.30,1.0,false,935,0.2710,0.0660,0.0660,0.0660
sim_050,lab_sb,train,0.2030,R²<0.30,1.0,false,980,0.2860,0.0375,0.0290,0.0550
sim_051,lab_sb,val,0.1430,R²<0.30,1.0,false,764,0.2140,0.0520,0.0520,0.0520
sim_052,lab_sb,train,0.4660,"R²∈[0.30,0.70)",1.0,false,709,0.1960,0.0701,0.0350,0.0980
sim_053,lab_sb,train,0.0245,R²<0.30,1.0,false,761,0.2130,0.0414,0.0210,0.0800
sim_054,lab_sb,val,0.1463,R²<0.30,1.0,false,693,0.1900,0.0910,0.0910,0.0910
sim_055,lab_sb,val,0.7302,"R²∈[0.70,0.85)",10.0,false,716,0.1980,0.0640,0.0640,0.0640
sim_056,lab_sb,train,0.0960,R²<0.30,1.0,false,755,0.2110,0.0870,0.0590,0.1060
sim_057,lab_sb,test,0.1835,R²<0.30,1.0,false,1004,0.2940,0.1127,0.0650,0.1470
sim_058,lab_sb,test,0.0218,R²<0.30,1.0,false,893,0.2570,0.0356,0.0260,0.0550
sim_059,lab_sb,train,0.7322,"R²∈[0.70,0.85)",10.0,false,590,0.1560,0.0392,0.0200,0.0770
sim_060,lab_sb,train,0.0055,R²<0.30,1.0,false,757,0.2120,0.0331,0.0210,0.0450
sim_061,lab_sb,train,0.2089,R²<0.30,1.0,false,981,0.2860,0.0679,0.0290,0.1060
sim_062,lab_sb,train,0.0000,R²<0.30,1.0,false,812,0.2300,0.0952,0.0650,0.1150
sim_063,lab_sb,train,0.0229,R²<0.30,1.0,false,679,0.1860,0.0260,0.0260,0.0260
sim_064,lab_sb,train,0.0365,R²<0.30,1.0,false,737,0.2050,0.0408,0.0200,0.0800
sim_065,lab_sb,val,0.6789,"R²∈[0.30,0.70)",1.0,false,738,0.2050,0.1010,0.1010,0.1010
sim_066,lab_sb,train,0.0002,R²<0.30,1.0,false,751,0.2100,0.0248,0.0210,0.0290
sim_067,lab_sb,test,0.0036,R²<0.30,1.0,false,947,0.2750,0.0830,0.0830,0.0830
sim_068,lab_sb,train,0.1690,R²<0.30,1.0,false,885,0.2540,0.0557,0.0250,0.0850
sim_069,lab_sb,train,0.2656,R²<0.30,1.0,false,879,0.2520,0.0614,0.0250,0.0970
sim_070,lab_sb,val,0.0361,R²<0.30,1.0,false,936,0.2710,0.0970,0.0970,0.0970
sim_071,lab_sb,train,0.4720,"R²∈[0.30,0.70)",1.0,false,649,0.1760,0.0292,0.0200,0.0470
sim_072,lab_sb,train,0.7778,"R²∈[0.70,0.85)",10.0,false,805,0.2280,0.0350,0.0350,0.0350
sim_073,lab_sb,train,0.2618,R²<0.30,1.0,false,724,0.2010,0.0258,0.0200,0.0370
sim_074,lab_sb,train,0.0067,R²<0.30,1.0,false,814,0.2310,0.0714,0.0290,0.1160
sim_075,lab_sb,train,0.1219,R²<0.30,1.0,false,869,0.2490,0.1030,0.0700,0.1240
sim_076,lab_sb,train,0.1307,R²<0.30,1.0,false,802,0.2270,0.0302,0.0230,0.0450
sim_077,lab_sb,test,0.0005,R²<0.30,1.0,false,614,0.1640,0.0550,0.0550,0.0550
sim_078,lab_sb,val,0.3757,"R²∈[0.30,0.70)",1.0,false,968,0.2820,0.0475,0.0280,0.0660
sim_079,lab_sb,train,0.0242,R²<0.30,1.0,false,729,0.2020,0.0890,0.0890,0.0890
sim_080,lab_sb,train,0.0419,R²<0.30,1.0,false,956,0.2780,0.1093,0.0670,0.1390
sim_081,lab_sb,train,0.0529,R²<0.30,1.0,false,862,0.2460,0.0711,0.0250,0.1170
sim_082,lab_sb,train,0.0408,R²<0.30,1.0,false,927,0.2680,0.0920,0.0920,0.0920
sim_083,lab_sb,train,0.1048,R²<0.30,1.0,false,574,0.1510,0.0629,0.0440,0.0760
sim_084,lab_sb,test,0.0038,R²<0.30,1.0,false,1009,0.2960,0.0851,0.0330,0.1480
sim_085,lab_sb,train,0.1583,R²<0.30,1.0,false,817,0.2320,0.0803,0.0380,0.1160
sim_086,lab_sb,val,0.8744,R²≥0.85,20.0,false,1020,0.2990,0.1150,0.1150,0.1150
sim_087,lab_sb,test,0.0543,R²<0.30,1.0,false,679,0.1860,0.0245,0.0200,0.0330
sim_088,lab_sb,train,0.1406,R²<0.30,1.0,false,738,0.2050,0.0900,0.0900,0.0900
sim_089,lab_sb,train,0.0982,R²<0.30,1.0,false,869,0.2490,0.0433,0.0250,0.0790
sim_090,lab_sb,train,0.0356,R²<0.30,1.0,false,799,0.2260,0.0702,0.0290,0.1130
sim_091,lab_sb,train,0.4268,"R²∈[0.30,0.70)",1.0,false,683,0.1870,0.0775,0.0530,0.0940
sim_092,lab_sb,test,0.0510,R²<0.30,1.0,false,791,0.2230,0.0790,0.0790,0.0790
sim_093,lab_sb,val,0.0376,R²<0.30,1.0,false,929,0.2690,0.1014,0.0570,0.1340
sim_094,lab_sb,train,0.0514,R²<0.30,1.0,false,871,0.2500,0.0317,0.0250,0.0450
sim_095,lab_sb,train,0.2781,R²<0.30,1.0,false,897,0.2580,0.0556,0.0260,0.0850
sim_096,lab_sb,train,0.1013,R²<0.30,1.0,false,916,0.2650,0.0450,0.0450,0.0450
sim_097,lab_sb,train,0.1492,R²<0.30,1.0,false,995,0.2910,0.0401,0.0290,0.0620
sim_098,lab_sb,val,0.4947,"R²∈[0.30,0.70)",1.0,false,970,0.2830,0.0300,0.0300,0.0300
sim_099,lab_sb,train,0.0027,R²<0.30,1.0,false,990,0.2890,0.0506,0.0290,0.0930
sim_1000,servidor_privado,test,0.0507,R²<0.30,1.0,false,583,0.1540,0.0453,0.0200,0.0770
sim_100,lab_sb,train,0.5286,"R²∈[0.30,0.70)",1.0,false,831,0.2360,0.1040,0.1040,0.1040
sim_101,lab_sb,train,0.2411,R²<0.30,1.0,false,703,0.1940,0.0250,0.0200,0.0350
sim_102,lab_sb,val,0.2625,R²<0.30,1.0,false,691,0.1900,0.0264,0.0200,0.0330
sim_103,lab_sb,train,0.2600,R²<0.30,1.0,false,825,0.2340,0.0633,0.0230,0.1020
sim_104,lab_sb,train,0.0592,R²<0.30,1.0,false,991,0.2900,0.0789,0.0310,0.1450
sim_105,lab_sb,val,0.2600,R²<0.30,1.0,false,847,0.2420,0.0798,0.0350,0.1210
sim_106,lab_sb,train,0.4905,"R²∈[0.30,0.70)",1.0,false,686,0.1880,0.0763,0.0500,0.0940
sim_107,lab_sb,train,0.1191,R²<0.30,1.0,false,904,0.2610,0.0309,0.0260,0.0400
sim_108,lab_sb,val,0.3243,"R²∈[0.30,0.70)",1.0,false,890,0.2560,0.0408,0.0260,0.0560
sim_109,lab_sb,train,0.0117,R²<0.30,1.0,false,935,0.2710,0.0411,0.0270,0.0550
sim_110,lab_sb,train,0.2444,R²<0.30,1.0,false,848,0.2420,0.0740,0.0740,0.0740
sim_111,lab_sb,train,0.2018,R²<0.30,1.0,false,796,0.2250,0.0285,0.0230,0.0400
sim_112,lab_sb,train,0.1710,R²<0.30,1.0,false,604,0.1610,0.0646,0.0420,0.0800
sim_113,lab_sb,test,0.0044,R²<0.30,1.0,false,973,0.2840,0.0300,0.0280,0.0320
sim_114,lab_sb,train,0.0031,R²<0.30,1.0,false,833,0.2370,0.0790,0.0790,0.0790
sim_115,lab_sb,val,0.4496,"R²∈[0.30,0.70)",1.0,false,586,0.1550,0.0230,0.0200,0.0290
sim_116,lab_sb,train,0.0009,R²<0.30,1.0,false,1013,0.2970,0.1096,0.0590,0.1480
sim_117,lab_sb,train,0.0001,R²<0.30,1.0,false,586,0.1550,0.0220,0.0220,0.0220
sim_118,lab_sb,train,0.1724,R²<0.30,1.0,false,706,0.1950,0.0250,0.0200,0.0300
sim_119,lab_sb,train,0.0009,R²<0.30,1.0,false,805,0.2280,0.0313,0.0230,0.0480
sim_120,lab_sb,val,0.1921,R²<0.30,1.0,false,1006,0.2950,0.0347,0.0300,0.0400
sim_121,lab_sb,train,0.6912,"R²∈[0.30,0.70)",1.0,false,595,0.1580,0.0440,0.0440,0.0440
sim_122,lab_sb,val,0.0673,R²<0.30,1.0,false,888,0.2550,0.1000,0.1000,0.1000
sim_123,lab_sb,val,0.0219,R²<0.30,1.0,false,1011,0.2960,0.1140,0.1140,0.1140
sim_124,lab_sb,train,0.1427,R²<0.30,1.0,false,589,0.1560,0.0360,0.0360,0.0360
sim_125,lab_sb,train,0.1013,R²<0.30,1.0,false,769,0.2160,0.0326,0.0220,0.0430
sim_126,lab_sb,train,0.0518,R²<0.30,1.0,false,655,0.1780,0.0717,0.0460,0.0890
sim_127,lab_sb,train,0.1131,R²<0.30,1.0,false,883,0.2540,0.0274,0.0250,0.0310
sim_128,lab_sb,val,0.3434,"R²∈[0.30,0.70)",1.0,false,983,0.2870,0.0432,0.0290,0.0570
sim_129,lab_sb,train,0.2131,R²<0.30,1.0,false,817,0.2320,0.0400,0.0400,0.0400
sim_130,lab_sb,train,0.1833,R²<0.30,1.0,false,994,0.2900,0.0666,0.0290,0.1400
sim_131,lab_sb,train,0.5243,"R²∈[0.30,0.70)",1.0,false,905,0.2610,0.0491,0.0260,0.0720
sim_132,lab_sb,test,0.0567,R²<0.30,1.0,false,902,0.2600,0.0390,0.0260,0.0520
sim_133,lab_sb,train,0.0054,R²<0.30,1.0,false,730,0.2030,0.0236,0.0200,0.0300
sim_134,lab_sb,train,0.2036,R²<0.30,1.0,false,724,0.2010,0.0240,0.0240,0.0240
sim_135,lab_sb,val,0.2432,R²<0.30,1.0,false,589,0.1560,0.0654,0.0460,0.0780
sim_136,lab_sb,val,0.1575,R²<0.30,1.0,false,649,0.1760,0.0270,0.0270,0.0270
sim_137,lab_sb,train,0.1457,R²<0.30,1.0,false,794,0.2240,0.0381,0.0220,0.0530
sim_138,lab_sb,train,0.0334,R²<0.30,1.0,false,782,0.2200,0.0339,0.0220,0.0570
sim_139,lab_sb,train,0.0203,R²<0.30,1.0,false,849,0.2420,0.0534,0.0240,0.1100
sim_140,lab_sb,train,0.0925,R²<0.30,1.0,false,688,0.1890,0.0710,0.0400,0.0940
sim_141,lab_sb,test,0.2793,R²<0.30,1.0,false,797,0.2250,0.0391,0.0230,0.0710
sim_142,lab_sb,train,0.3003,"R²∈[0.30,0.70)",1.0,false,880,0.2530,0.0320,0.0320,0.0320
sim_143,lab_sb,test,0.7284,"R²∈[0.70,0.85)",10.0,false,861,0.2460,0.0536,0.0250,0.1100
sim_144,lab_sb,train,0.6830,"R²∈[0.30,0.70)",1.0,false,857,0.2450,0.0810,0.0810,0.0810
sim_145,lab_sb,val,0.0074,R²<0.30,1.0,false,745,0.2080,0.0310,0.0310,0.0310
sim_146,lab_sb,test,0.0005,R²<0.30,1.0,false,940,0.2720,0.0789,0.0270,0.1300
sim_147,lab_sb,train,0.4767,"R²∈[0.30,0.70)",1.0,false,746,0.2080,0.0392,0.0210,0.0750
sim_148,lab_sb,test,0.1604,R²<0.30,1.0,false,664,0.1810,0.0217,0.0200,0.0250
sim_149,lab_sb,train,0.1067,R²<0.30,1.0,false,616,0.1650,0.0447,0.0200,0.0820
sim_150,lab_sb,train,0.2989,R²<0.30,1.0,false,850,0.2430,0.0278,0.0240,0.0310
sim_151,lab_sb,test,0.3520,"R²∈[0.30,0.70)",1.0,false,715,0.1980,0.0756,0.0430,0.0990
sim_152,lab_sb,test,0.0116,R²<0.30,1.0,false,724,0.2010,0.0315,0.0200,0.0430
sim_153,lab_sb,train,0.0851,R²<0.30,1.0,false,625,0.1680,0.0276,0.0200,0.0420
sim_154,lab_sb,train,0.1218,R²<0.30,1.0,false,993,0.2900,0.1140,0.1140,0.1140
sim_155,lab_sb,train,0.0028,R²<0.30,1.0,false,936,0.2710,0.0473,0.0270,0.0870
sim_156,lab_sb,train,0.0453,R²<0.30,1.0,false,765,0.2140,0.0900,0.0900,0.0900
sim_157,lab_sb,val,0.1603,R²<0.30,1.0,false,1018,0.2990,0.0450,0.0450,0.0450
sim_158,lab_sb,test,0.4220,"R²∈[0.30,0.70)",1.0,false,685,0.1880,0.0450,0.0450,0.0450
sim_159,lab_sb,test,0.0005,R²<0.30,1.0,false,992,0.2900,0.0384,0.0290,0.0570
sim_160,lab_sb,train,0.2661,R²<0.30,1.0,false,879,0.2520,0.0636,0.0250,0.1010
sim_161,lab_sb,train,0.4492,"R²∈[0.30,0.70)",1.0,false,617,0.1650,0.0313,0.0200,0.0530
sim_162,lab_sb,train,0.0475,R²<0.30,1.0,false,794,0.2240,0.0322,0.0220,0.0510
sim_163,lab_sb,test,0.6842,"R²∈[0.30,0.70)",1.0,false,973,0.2840,0.0304,0.0280,0.0340
sim_164,lab_sb,train,0.2982,R²<0.30,1.0,false,1003,0.2940,0.0348,0.0290,0.0400
sim_165,lab_sb,train,0.3520,"R²∈[0.30,0.70)",1.0,false,715,0.1980,0.0755,0.0430,0.0990
sim_166,lab_sb,train,0.0003,R²<0.30,1.0,false,787,0.2220,0.0832,0.0460,0.1110
sim_167,lab_sb,train,0.0466,R²<0.30,1.0,false,773,0.2170,0.0481,0.0220,0.0740
sim_168,lab_sb,train,0.2616,R²<0.30,1.0,false,822,0.2330,0.0472,0.0230,0.0930
sim_169,lab_sb,train,0.0289,R²<0.30,1.0,false,928,0.2690,0.0310,0.0270,0.0390
sim_170,lab_sb,train,0.2546,R²<0.30,1.0,false,991,0.2900,0.0762,0.0300,0.1450
sim_171,lab_sb,train,0.0188,R²<0.30,1.0,false,819,0.2320,0.0465,0.0230,0.0920
sim_172,lab_sb,train,0.0618,R²<0.30,1.0,false,817,0.2320,0.0287,0.0230,0.0340
sim_173,lab_sb,train,0.0031,R²<0.30,1.0,false,634,0.1710,0.0690,0.0450,0.0860
sim_174,lab_sb,train,0.5432,"R²∈[0.30,0.70)",1.0,false,961,0.2800,0.0753,0.0300,0.1400
sim_175,lab_sb,train,0.2603,R²<0.30,1.0,false,886,0.2550,0.0859,0.0390,0.1280
sim_176,lab_sb,train,0.2956,R²<0.30,1.0,false,973,0.2840,0.0763,0.0300,0.1420
sim_177,lab_sb,test,0.1301,R²<0.30,1.0,false,611,0.1630,0.0380,0.0200,0.0560
sim_178,lab_sb,train,0.3246,"R²∈[0.30,0.70)",1.0,false,959,0.2790,0.1107,0.0690,0.1400
sim_179,lab_sb,train,0.0049,R²<0.30,1.0,false,999,0.2920,0.0526,0.0290,0.0980
sim_180,lab_sb,train,0.0013,R²<0.30,1.0,false,730,0.2030,0.0270,0.0270,0.0270
sim_181,lab_sb,train,0.0982,R²<0.30,1.0,false,923,0.2670,0.1027,0.0600,0.1340
sim_182,lab_sb,test,0.1247,R²<0.30,1.0,false,682,0.1870,0.0241,0.0200,0.0280
sim_183,lab_sb,train,0.7328,"R²∈[0.70,0.85)",10.0,false,794,0.2240,0.0347,0.0220,0.0590
sim_184,lab_sb,val,0.6776,"R²∈[0.30,0.70)",1.0,false,829,0.2360,0.0350,0.0350,0.0350
sim_185,lab_sb,train,0.0230,R²<0.30,1.0,false,626,0.1680,0.0362,0.0200,0.0680
sim_186,lab_sb,train,0.0005,R²<0.30,1.0,false,880,0.2520,0.1220,0.1220,0.1220
sim_187,lab_sb,train,0.0715,R²<0.30,1.0,false,739,0.2060,0.0230,0.0210,0.0270
sim_188,lab_sb,train,0.3733,"R²∈[0.30,0.70)",1.0,false,810,0.2290,0.0529,0.0230,0.1110
sim_189,lab_sb,train,0.0010,R²<0.30,1.0,false,578,0.1520,0.0510,0.0510,0.0510
sim_190,lab_sb,train,0.0035,R²<0.30,1.0,false,716,0.1980,0.0620,0.0620,0.0620
sim_191,lab_sb,train,0.0026,R²<0.30,1.0,false,1019,0.2990,0.0401,0.0300,0.0600
sim_192,lab_sb,train,0.3636,"R²∈[0.30,0.70)",1.0,false,884,0.2540,0.0435,0.0250,0.0790
sim_193,lab_sb,train,0.3536,"R²∈[0.30,0.70)",1.0,false,853,0.2440,0.0772,0.0320,0.1220
sim_194,lab_sb,train,0.0046,R²<0.30,1.0,false,1019,0.2990,0.1101,0.0590,0.1500
sim_195,lab_sb,val,0.0060,R²<0.30,1.0,false,979,0.2850,0.0642,0.0280,0.1330
sim_196,lab_sb,train,0.0080,R²<0.30,1.0,false,1006,0.2940,0.1340,0.1340,0.1340
sim_197,lab_sb,train,0.0100,R²<0.30,1.0,false,776,0.2180,0.0510,0.0510,0.0510
sim_198,lab_sb,train,0.1628,R²<0.30,1.0,false,647,0.1750,0.0510,0.0510,0.0510
sim_199,lab_sb,train,0.0023,R²<0.30,1.0,false,730,0.2030,0.0631,0.0260,0.1020
sim_200,lab_sb,train,0.4559,"R²∈[0.30,0.70)",1.0,false,735,0.2040,0.1010,0.1010,0.1010
sim_201,lab_sb,train,0.0181,R²<0.30,1.0,false,887,0.2550,0.0353,0.0260,0.0540
sim_202,lab_sb,train,0.1697,R²<0.30,1.0,false,758,0.2120,0.0409,0.0210,0.0790
sim_203,lab_sb,train,0.6396,"R²∈[0.30,0.70)",1.0,false,643,0.1740,0.0480,0.0210,0.0870
sim_204,lab_sb,train,0.0135,R²<0.30,1.0,false,996,0.2910,0.0718,0.0290,0.1140
sim_205,lab_sb,train,0.3021,"R²∈[0.30,0.70)",1.0,false,847,0.2420,0.0651,0.0260,0.1210
sim_206,lab_sb,val,0.1796,R²<0.30,1.0,false,964,0.2810,0.0307,0.0280,0.0330
sim_207,lab_sb,val,0.1160,R²<0.30,1.0,false,584,0.1540,0.0350,0.0200,0.0640
sim_208,lab_sb,train,0.6035,"R²∈[0.30,0.70)",1.0,false,787,0.2220,0.0289,0.0220,0.0360
sim_209,lab_sb,train,0.1009,R²<0.30,1.0,false,839,0.2390,0.0428,0.0240,0.0610
sim_210,lab_sb,train,0.0181,R²<0.30,1.0,false,946,0.2740,0.0586,0.0270,0.1190
sim_211,lab_sb,val,0.1713,R²<0.30,1.0,false,781,0.2200,0.0279,0.0220,0.0340
sim_212,lab_sb,test,0.6798,"R²∈[0.30,0.70)",1.0,false,578,0.1520,0.0445,0.0200,0.0680
sim_213,lab_sb,train,0.1897,R²<0.30,1.0,false,939,0.2720,0.0684,0.0270,0.1090
sim_214,lab_sb,train,0.0264,R²<0.30,1.0,false,985,0.2870,0.0733,0.0290,0.1170
sim_215,lab_sb,val,0.3215,"R²∈[0.30,0.70)",1.0,false,997,0.2920,0.0973,0.0440,0.1460
sim_216,lab_sb,train,0.3917,"R²∈[0.30,0.70)",1.0,false,679,0.1860,0.0232,0.0200,0.0290
sim_217,lab_sb,train,0.1906,R²<0.30,1.0,false,1001,0.2930,0.0375,0.0290,0.0540
sim_218,lab_sb,train,0.0066,R²<0.30,1.0,false,969,0.2820,0.0980,0.0980,0.0980
sim_219,lab_sb,train,0.1661,R²<0.30,1.0,false,733,0.2040,0.0220,0.0220,0.0220
sim_220,lab_sb,train,0.3236,"R²∈[0.30,0.70)",1.0,false,797,0.2250,0.0883,0.0540,0.1120
sim_221,lab_sb,test,0.0088,R²<0.30,1.0,false,807,0.2280,0.0970,0.0970,0.0970
sim_222,lab_sb,train,0.0176,R²<0.30,1.0,false,1007,0.2950,0.1190,0.0770,0.1480
sim_223,lab_sb,train,0.1616,R²<0.30,1.0,false,755,0.2110,0.0620,0.0620,0.0620
sim_224,lab_sb,test,0.0211,R²<0.30,1.0,false,761,0.2130,0.0392,0.0210,0.0740
sim_225,lab_sb,train,0.3210,"R²∈[0.30,0.70)",1.0,false,892,0.2560,0.0723,0.0260,0.1180
sim_226,lab_sb,train,0.0281,R²<0.30,1.0,false,850,0.2430,0.0797,0.0350,0.1220
sim_227,lab_sb,train,0.0737,R²<0.30,1.0,false,835,0.2380,0.0864,0.0450,0.1190
sim_228,lab_sb,train,0.2525,R²<0.30,1.0,false,613,0.1640,0.0553,0.0270,0.0820
sim_229,lab_sb,train,0.6591,"R²∈[0.30,0.70)",1.0,false,804,0.2270,0.1050,0.1050,0.1050
sim_230,lab_sb,train,0.0391,R²<0.30,1.0,false,707,0.1950,0.0786,0.0500,0.0980
sim_231,lab_sb,val,0.1391,R²<0.30,1.0,false,998,0.2920,0.0830,0.0830,0.0830
sim_232,lab_sb,train,0.0054,R²<0.30,1.0,false,950,0.2760,0.0374,0.0280,0.0560
sim_233,lab_sb,test,0.0980,R²<0.30,1.0,false,778,0.2190,0.0818,0.0450,0.1100
sim_234,lab_sb,train,0.2324,R²<0.30,1.0,false,727,0.2020,0.0758,0.0420,0.1010
sim_235,lab_sb,train,0.0644,R²<0.30,1.0,false,680,0.1860,0.0398,0.0200,0.0590
sim_236,lab_sb,train,0.1321,R²<0.30,1.0,false,778,0.2190,0.0350,0.0350,0.0350
sim_237,lab_sb,train,0.0995,R²<0.30,1.0,false,634,0.1710,0.0320,0.0320,0.0320
sim_238,lab_sb,train,0.4268,"R²∈[0.30,0.70)",1.0,false,886,0.2540,0.0564,0.0250,0.1170
sim_239,lab_sb,train,0.3932,"R²∈[0.30,0.70)",1.0,false,786,0.2210,0.0513,0.0220,0.1080
sim_240,lab_sb,test,0.0187,R²<0.30,1.0,false,841,0.2400,0.0260,0.0240,0.0280
sim_241,lab_sb,train,0.0089,R²<0.30,1.0,false,646,0.1750,0.0430,0.0430,0.0430
sim_242,lab_sb,train,0.5577,"R²∈[0.30,0.70)",1.0,false,586,0.1550,0.0456,0.0210,0.0780
sim_243,lab_sb,train,0.2595,R²<0.30,1.0,false,779,0.2190,0.0888,0.0580,0.1100
sim_244,lab_sb,train,0.1030,R²<0.30,1.0,false,628,0.1690,0.0655,0.0390,0.0840
sim_245,lab_sb,val,0.2500,R²<0.30,1.0,false,589,0.1560,0.0295,0.0200,0.0480
sim_246,lab_sb,train,0.3314,"R²∈[0.30,0.70)",1.0,false,882,0.2530,0.1140,0.1140,0.1140
sim_247,lab_sb,test,0.0134,R²<0.30,1.0,false,985,0.2880,0.0290,0.0290,0.0290
sim_248,lab_sb,val,0.0841,R²<0.30,1.0,false,963,0.2800,0.1120,0.1120,0.1120
sim_249,lab_sb,test,0.0133,R²<0.30,1.0,false,656,0.1780,0.0387,0.0200,0.0570
sim_250,lab_sb,train,0.3840,"R²∈[0.30,0.70)",1.0,false,989,0.2890,0.1078,0.0590,0.1440
sim_251,lab_sb,val,0.1427,R²<0.30,1.0,false,737,0.2050,0.0800,0.0800,0.0800
sim_252,lab_sb,train,0.0940,R²<0.30,1.0,false,598,0.1590,0.0276,0.0200,0.0350
sim_253,lab_sb,train,0.2630,R²<0.30,1.0,false,894,0.2570,0.0695,0.0260,0.1130
sim_254,lab_sb,train,0.0297,R²<0.30,1.0,false,907,0.2620,0.0370,0.0370,0.0370
sim_255,lab_sb,train,0.0774,R²<0.30,1.0,false,773,0.2170,0.0391,0.0220,0.0560
sim_256,lab_sb,test,0.0342,R²<0.30,1.0,false,619,0.1660,0.0320,0.0200,0.0440
sim_257,lab_sb,val,0.6093,"R²∈[0.30,0.70)",1.0,false,581,0.1530,0.0361,0.0200,0.0680
sim_258,lab_sb,train,0.0248,R²<0.30,1.0,false,610,0.1630,0.0472,0.0210,0.0820
sim_259,lab_sb,train,0.1789,R²<0.30,1.0,false,974,0.2840,0.0820,0.0820,0.0820
sim_260,lab_sb,train,0.0877,R²<0.30,1.0,false,731,0.2030,0.0341,0.0200,0.0610
sim_261,lab_sb,train,0.1392,R²<0.30,1.0,false,611,0.1630,0.0429,0.0200,0.0650
sim_262,lab_sb,train,0.7590,"R²∈[0.70,0.85)",10.0,false,824,0.2340,0.0640,0.0640,0.0640
sim_263,lab_sb,train,0.1840,R²<0.30,1.0,false,628,0.1690,0.0274,0.0200,0.0420
sim_264,lab_sb,train,0.0305,R²<0.30,1.0,false,978,0.2850,0.0940,0.0940,0.0940
sim_265,lab_sb,train,0.0811,R²<0.30,1.0,false,730,0.2030,0.0294,0.0200,0.0470
sim_266,lab_sb,train,0.0820,R²<0.30,1.0,false,991,0.2900,0.0330,0.0290,0.0410
sim_267,lab_sb,train,0.3163,"R²∈[0.30,0.70)",1.0,false,641,0.1730,0.0364,0.0200,0.0520
sim_268,lab_sb,train,0.3143,"R²∈[0.30,0.70)",1.0,false,955,0.2780,0.0875,0.0360,0.1390
sim_269,lab_sb,train,0.5216,"R²∈[0.30,0.70)",1.0,false,650,0.1760,0.0489,0.0200,0.0770
sim_270,lab_sb,train,0.3913,"R²∈[0.30,0.70)",1.0,false,595,0.1580,0.0322,0.0200,0.0440
sim_271,lab_sb,train,0.1379,R²<0.30,1.0,false,1015,0.2970,0.0835,0.0300,0.1360
sim_272,lab_sb,train,0.6663,"R²∈[0.30,0.70)",1.0,false,831,0.2360,0.0649,0.0240,0.1050
sim_273,lab_sb,val,0.2191,R²<0.30,1.0,false,941,0.2730,0.0456,0.0270,0.0810
sim_274,lab_sb,train,0.0129,R²<0.30,1.0,false,896,0.2580,0.1055,0.0700,0.1290
sim_275,lab_sb,val,0.1388,R²<0.30,1.0,false,824,0.2340,0.0680,0.0680,0.0680
sim_276,lab_sb,train,0.0886,R²<0.30,1.0,false,949,0.2760,0.0347,0.0280,0.0480
sim_277,lab_sb,val,0.1686,R²<0.30,1.0,false,718,0.1990,0.0280,0.0200,0.0360
sim_278,lab_sb,train,0.0219,R²<0.30,1.0,false,901,0.2600,0.0380,0.0380,0.0380
sim_279,lab_sb,train,0.1975,R²<0.30,1.0,false,847,0.2420,0.0330,0.0330,0.0330
sim_280,lab_sb,train,0.3714,"R²∈[0.30,0.70)",1.0,false,800,0.2260,0.0445,0.0230,0.0660
sim_281,lab_sb,test,0.0316,R²<0.30,1.0,false,812,0.2300,0.0346,0.0230,0.0570
sim_282,lab_sb,train,0.2138,R²<0.30,1.0,false,775,0.2180,0.0237,0.0220,0.0270
sim_283,lab_sb,train,0.3309,"R²∈[0.30,0.70)",1.0,false,1017,0.2980,0.0575,0.0300,0.1110
sim_284,lab_sb,val,0.0411,R²<0.30,1.0,false,611,0.1630,0.0412,0.0200,0.0620
sim_285,lab_sb,train,0.0496,R²<0.30,1.0,false,914,0.2640,0.0512,0.0260,0.0760
sim_286,lab_sb,val,0.0301,R²<0.30,1.0,false,845,0.2410,0.0411,0.0240,0.0580
sim_287,lab_sb,val,0.3643,"R²∈[0.30,0.70)",1.0,false,989,0.2890,0.1125,0.0670,0.1440
sim_288,lab_sb,train,0.1912,R²<0.30,1.0,false,755,0.2110,0.0421,0.0210,0.0830
sim_289,lab_sb,test,0.3411,"R²∈[0.30,0.70)",1.0,false,995,0.2910,0.0730,0.0730,0.0730
sim_290,lab_sb,train,0.0097,R²<0.30,1.0,false,990,0.2890,0.0950,0.0950,0.0950
sim_291,lab_sb,train,0.0045,R²<0.30,1.0,false,952,0.2760,0.1190,0.1190,0.1190
sim_292,lab_sb,train,0.6243,"R²∈[0.30,0.70)",1.0,false,910,0.2630,0.0440,0.0440,0.0440
sim_293,lab_sb,train,0.0367,R²<0.30,1.0,false,646,0.1750,0.0254,0.0200,0.0360
sim_294,lab_sb,test,0.0356,R²<0.30,1.0,false,856,0.2450,0.0807,0.0360,0.1220
sim_295,lab_sb,train,0.8659,R²≥0.85,20.0,false,969,0.2820,0.0544,0.0280,0.1050
sim_296,lab_sb,train,0.0007,R²<0.30,1.0,false,776,0.2180,0.0550,0.0550,0.0550
sim_297,lab_sb,val,0.1548,R²<0.30,1.0,false,778,0.2190,0.0791,0.0410,0.1100
sim_298,lab_sb,val,0.6747,"R²∈[0.30,0.70)",1.0,false,769,0.2160,0.0284,0.0220,0.0420
sim_299,lab_sb,train,0.1127,R²<0.30,1.0,false,978,0.2850,0.0591,0.0280,0.0890
sim_300,lab_sb,train,0.0918,R²<0.30,1.0,false,602,0.1600,0.0570,0.0570,0.0570
sim_301,lab_sb,train,0.1230,R²<0.30,1.0,false,625,0.1680,0.0559,0.0260,0.0840
sim_302,lab_sb,val,0.0642,R²<0.30,1.0,false,901,0.2600,0.0734,0.0290,0.1300
sim_303,lab_sb,train,0.2698,R²<0.30,1.0,false,929,0.2690,0.0450,0.0270,0.0800
sim_304,lab_sb,train,0.2495,R²<0.30,1.0,false,906,0.2610,0.0677,0.0260,0.1080
sim_305,lab_sb,train,0.2905,R²<0.30,1.0,false,641,0.1730,0.0360,0.0200,0.0670
sim_306,lab_sb,train,0.0851,R²<0.30,1.0,false,922,0.2670,0.0280,0.0270,0.0300
sim_307,lab_sb,val,0.5077,"R²∈[0.30,0.70)",1.0,false,826,0.2350,0.0831,0.0410,0.1180
sim_308,lab_sb,train,0.1565,R²<0.30,1.0,false,911,0.2630,0.1046,0.0650,0.1320
sim_309,lab_sb,train,0.4635,"R²∈[0.30,0.70)",1.0,false,622,0.1670,0.0490,0.0490,0.0490
sim_310,lab_sb,train,0.0393,R²<0.30,1.0,false,846,0.2410,0.0629,0.0240,0.1010
sim_311,lab_sb,train,0.1047,R²<0.30,1.0,false,637,0.1720,0.0336,0.0200,0.0470
sim_312,lab_sb,train,0.0046,R²<0.30,1.0,false,921,0.2660,0.0611,0.0270,0.0950
sim_313,lab_sb,train,0.0736,R²<0.30,1.0,false,885,0.2540,0.0980,0.0980,0.0980
sim_314,lab_sb,train,0.0211,R²<0.30,1.0,false,841,0.2400,0.0410,0.0410,0.0410
sim_315,lab_sb,train,0.0609,R²<0.30,1.0,false,979,0.2860,0.0865,0.0350,0.1430
sim_316,lab_sb,train,0.0024,R²<0.30,1.0,false,764,0.2140,0.0879,0.0590,0.1070
sim_317,lab_sb,val,0.0022,R²<0.30,1.0,false,640,0.1730,0.0231,0.0200,0.0290
sim_318,lab_sb,train,0.0354,R²<0.30,1.0,false,616,0.1650,0.0203,0.0200,0.0210
sim_319,lab_sb,train,0.0900,R²<0.30,1.0,false,964,0.2810,0.0400,0.0400,0.0400
sim_320,lab_sb,train,0.0802,R²<0.30,1.0,false,988,0.2880,0.0649,0.0290,0.1350
sim_321,lab_sb,train,0.0008,R²<0.30,1.0,false,890,0.2560,0.1005,0.0610,0.1280
sim_322,lab_sb,train,0.0088,R²<0.30,1.0,false,740,0.2060,0.0325,0.0210,0.0560
sim_323,lab_sb,train,0.0006,R²<0.30,1.0,false,903,0.2600,0.1130,0.1130,0.1130
sim_324,lab_sb,train,0.6681,"R²∈[0.30,0.70)",1.0,false,982,0.2870,0.0331,0.0290,0.0420
sim_325,lab_sb,train,0.0352,R²<0.30,1.0,false,1015,0.2980,0.0874,0.0340,0.1490
sim_326,lab_sb,train,0.0012,R²<0.30,1.0,false,952,0.2760,0.0603,0.0280,0.1240
sim_327,lab_sb,train,0.1051,R²<0.30,1.0,false,806,0.2280,0.0780,0.0780,0.0780
sim_328,lab_sb,train,0.4136,"R²∈[0.30,0.70)",1.0,false,742,0.2070,0.0301,0.0210,0.0480
sim_329,lab_sb,train,0.0941,R²<0.30,1.0,false,933,0.2700,0.0492,0.0270,0.0920
sim_330,lab_sb,val,0.0626,R²<0.30,1.0,false,623,0.1670,0.0540,0.0540,0.0540
sim_331,lab_sb,train,0.4695,"R²∈[0.30,0.70)",1.0,false,985,0.2880,0.1006,0.0490,0.1440
sim_332,lab_sb,train,0.0002,R²<0.30,1.0,false,788,0.2220,0.0425,0.0220,0.0620
sim_333,lab_sb,train,0.2837,R²<0.30,1.0,false,675,0.1840,0.0860,0.0860,0.0860
sim_334,lab_sb,train,0.2310,R²<0.30,1.0,false,683,0.1870,0.0324,0.0200,0.0570
sim_335,lab_sb,val,0.2806,R²<0.30,1.0,false,760,0.2130,0.0480,0.0480,0.0480
sim_336,lab_sb,train,0.4706,"R²∈[0.30,0.70)",1.0,false,924,0.2670,0.0608,0.0270,0.0940
sim_337,lab_sb,train,0.0113,R²<0.30,1.0,false,577,0.1520,0.0298,0.0200,0.0490
sim_338,lab_sb,train,0.5099,"R²∈[0.30,0.70)",1.0,false,1009,0.2960,0.0356,0.0300,0.0470
sim_339,lab_sb,val,0.0022,R²<0.30,1.0,false,758,0.2120,0.0670,0.0670,0.0670
sim_340,lab_sb,train,0.3199,"R²∈[0.30,0.70)",1.0,false,656,0.1780,0.0408,0.0200,0.0610
sim_341,lab_sb,val,0.4202,"R²∈[0.30,0.70)",1.0,false,601,0.1600,0.0330,0.0200,0.0460
sim_342,lab_sb,test,0.4228,"R²∈[0.30,0.70)",1.0,false,931,0.2700,0.0803,0.0320,0.1350
sim_343,lab_sb,train,0.1608,R²<0.30,1.0,false,658,0.1790,0.0289,0.0200,0.0460
sim_344,lab_sb,train,0.0214,R²<0.30,1.0,false,946,0.2750,0.0312,0.0280,0.0350
sim_345,lab_sb,train,0.0231,R²<0.30,1.0,false,920,0.2660,0.0550,0.0270,0.0830
sim_346,lab_sb,train,0.2233,R²<0.30,1.0,false,812,0.2300,0.0355,0.0230,0.0600
sim_347,lab_sb,train,0.0548,R²<0.30,1.0,false,823,0.2340,0.0283,0.0230,0.0330
sim_348,lab_sb,val,0.1438,R²<0.30,1.0,false,723,0.2000,0.0583,0.0200,0.0960
sim_349,lab_sb,train,0.0047,R²<0.30,1.0,false,740,0.2060,0.0836,0.0540,0.1030
sim_350,lab_sb,train,0.3664,"R²∈[0.30,0.70)",1.0,false,808,0.2290,0.0237,0.0230,0.0250
sim_351,lab_sb,train,0.4707,"R²∈[0.30,0.70)",1.0,false,640,0.1730,0.0703,0.0460,0.0860
sim_352,lab_sb,train,0.4569,"R²∈[0.30,0.70)",1.0,false,754,0.2110,0.0274,0.0210,0.0400
sim_353,lab_sb,train,0.0204,R²<0.30,1.0,false,677,0.1850,0.0385,0.0200,0.0570
sim_354,lab_sb,val,0.0428,R²<0.30,1.0,false,840,0.2390,0.0499,0.0240,0.1000
sim_355,lab_sb,val,0.1738,R²<0.30,1.0,false,653,0.1770,0.0330,0.0200,0.0580
sim_356,lab_sb,train,0.0449,R²<0.30,1.0,false,896,0.2580,0.0384,0.0260,0.0510
sim_357,lab_sb,train,0.1968,R²<0.30,1.0,false,897,0.2580,0.1090,0.1090,0.1090
sim_358,lab_sb,train,0.3683,"R²∈[0.30,0.70)",1.0,false,1005,0.2940,0.1080,0.1080,0.1080
sim_359,lab_sb,val,0.0676,R²<0.30,1.0,false,664,0.1810,0.0315,0.0200,0.0430
sim_360,lab_sb,train,0.5267,"R²∈[0.30,0.70)",1.0,false,610,0.1630,0.0461,0.0210,0.0820
sim_361,lab_sb,train,0.0005,R²<0.30,1.0,false,664,0.1810,0.0244,0.0200,0.0290
sim_362,lab_sb,test,0.1360,R²<0.30,1.0,false,965,0.2810,0.0442,0.0280,0.0750
sim_363,lab_sb,train,0.2906,R²<0.30,1.0,false,975,0.2840,0.0642,0.0280,0.0990
sim_364,lab_sb,train,0.0030,R²<0.30,1.0,false,722,0.2000,0.0353,0.0200,0.0500
sim_365,lab_sb,test,0.1543,R²<0.30,1.0,false,840,0.2390,0.1030,0.1030,0.1030
sim_366,lab_sb,train,0.0042,R²<0.30,1.0,false,728,0.2020,0.0650,0.0650,0.0650
sim_367,lab_sb,test,0.1008,R²<0.30,1.0,false,766,0.2150,0.0400,0.0400,0.0400
sim_368,lab_sb,test,0.3875,"R²∈[0.30,0.70)",1.0,false,1009,0.2960,0.0460,0.0460,0.0460
sim_369,lab_sb,train,0.1009,R²<0.30,1.0,false,964,0.2800,0.1380,0.1380,0.1380
sim_370,lab_sb,train,0.3240,"R²∈[0.30,0.70)",1.0,false,785,0.2210,0.0600,0.0600,0.0600
sim_371,lab_sb,train,0.5344,"R²∈[0.30,0.70)",1.0,false,580,0.1530,0.0609,0.0390,0.0760
sim_372,lab_sb,test,0.0049,R²<0.30,1.0,false,887,0.2550,0.0346,0.0260,0.0520
sim_373,lab_sb,train,0.3610,"R²∈[0.30,0.70)",1.0,false,634,0.1710,0.0340,0.0200,0.0480
sim_374,lab_sb,train,0.3903,"R²∈[0.30,0.70)",1.0,false,631,0.1700,0.0238,0.0200,0.0310
sim_375,lab_sb,val,0.3374,"R²∈[0.30,0.70)",1.0,false,695,0.1910,0.0513,0.0200,0.0820
sim_376,lab_sb,train,0.4989,"R²∈[0.30,0.70)",1.0,false,808,0.2290,0.0840,0.0440,0.1140
sim_377,lab_sb,train,0.0037,R²<0.30,1.0,false,695,0.1910,0.0304,0.0200,0.0510
sim_378,lab_sb,train,0.0764,R²<0.30,1.0,false,796,0.2250,0.0410,0.0410,0.0410
sim_379,lab_sb,train,0.0468,R²<0.30,1.0,false,577,0.1520,0.0250,0.0200,0.0350
sim_380,lab_sb,val,0.6227,"R²∈[0.30,0.70)",1.0,false,692,0.1900,0.0426,0.0200,0.0650
sim_381,lab_sb,train,0.2602,R²<0.30,1.0,false,842,0.2400,0.0401,0.0240,0.0710
sim_382,lab_sb,train,0.0021,R²<0.30,1.0,false,830,0.2360,0.0371,0.0240,0.0630
sim_383,lab_sb,test,0.3095,"R²∈[0.30,0.70)",1.0,false,742,0.2070,0.0706,0.0330,0.1040
sim_384,lab_sb,train,0.1145,R²<0.30,1.0,false,730,0.2030,0.0789,0.0470,0.1020
sim_385,lab_sb,test,0.0281,R²<0.30,1.0,false,608,0.1620,0.0670,0.0670,0.0670
sim_386,lab_sb,test,0.0765,R²<0.30,1.0,false,601,0.1600,0.0288,0.0200,0.0370
sim_387,lab_sb,train,0.0289,R²<0.30,1.0,false,731,0.2030,0.0403,0.0200,0.0790
sim_388,lab_sb,train,0.0407,R²<0.30,1.0,false,847,0.2420,0.0850,0.0410,0.1210
sim_389,lab_sb,train,0.6117,"R²∈[0.30,0.70)",1.0,false,871,0.2500,0.0703,0.0270,0.1250
sim_390,lab_sb,test,0.0405,R²<0.30,1.0,false,790,0.2230,0.0572,0.0230,0.1120
sim_391,lab_sb,train,0.2040,R²<0.30,1.0,false,689,0.1890,0.0517,0.0200,0.0830
sim_392,lab_sb,train,0.1071,R²<0.30,1.0,false,954,0.2770,0.0611,0.0280,0.0940
sim_393,lab_sb,train,0.1686,R²<0.30,1.0,false,721,0.2000,0.0701,0.0340,0.1000
sim_394,lab_sb,train,0.3967,"R²∈[0.30,0.70)",1.0,false,728,0.2020,0.0790,0.0790,0.0790
sim_395,lab_sb,train,0.0181,R²<0.30,1.0,false,794,0.2240,0.0495,0.0220,0.0760
sim_396,lab_sb,train,0.1603,R²<0.30,1.0,false,780,0.2190,0.0581,0.0220,0.0940
sim_397,lab_sb,test,0.0020,R²<0.30,1.0,false,934,0.2700,0.1320,0.1320,0.1320
sim_398,lab_sb,train,0.0519,R²<0.30,1.0,false,574,0.1510,0.0400,0.0400,0.0400
sim_399,lab_sb,train,0.0531,R²<0.30,1.0,false,614,0.1640,0.0501,0.0200,0.0800
sim_400,lab_sb,train,0.2385,R²<0.30,1.0,false,929,0.2690,0.0432,0.0270,0.0750
sim_401,lab_sb,val,0.3736,"R²∈[0.30,0.70)",1.0,false,656,0.1780,0.0737,0.0500,0.0890
sim_402,lab_sb,test,0.6504,"R²∈[0.30,0.70)",1.0,false,915,0.2640,0.0694,0.0260,0.1120
sim_403,lab_sb,test,0.0978,R²<0.30,1.0,false,869,0.2490,0.0934,0.0520,0.1240
sim_404,lab_sb,test,0.1832,R²<0.30,1.0,false,1013,0.2970,0.1049,0.0520,0.1480
sim_405,lab_sb,train,0.0030,R²<0.30,1.0,false,670,0.1830,0.0488,0.0210,0.0920
sim_406,lab_sb,test,0.0073,R²<0.30,1.0,false,873,0.2500,0.0960,0.0960,0.0960
sim_407,lab_sb,train,0.0223,R²<0.30,1.0,false,990,0.2890,0.0613,0.0290,0.0930
sim_408,lab_sb,train,0.0934,R²<0.30,1.0,false,784,0.2210,0.0236,0.0220,0.0250
sim_409,lab_sb,train,0.0300,R²<0.30,1.0,false,886,0.2550,0.0322,0.0260,0.0450
sim_410,lab_sb,train,0.0312,R²<0.30,1.0,false,623,0.1670,0.0503,0.0200,0.0800
sim_411,lab_sb,train,0.1217,R²<0.30,1.0,false,784,0.2210,0.0580,0.0230,0.1100
sim_412,lab_sb,train,0.0914,R²<0.30,1.0,false,777,0.2180,0.0583,0.0220,0.0940
sim_413,lab_sb,train,0.0481,R²<0.30,1.0,false,589,0.1560,0.0307,0.0200,0.0410
sim_414,lab_sb,train,0.6888,"R²∈[0.30,0.70)",1.0,false,823,0.2340,0.0259,0.0230,0.0310
sim_415,lab_sb,train,0.4514,"R²∈[0.30,0.70)",1.0,false,884,0.2540,0.0700,0.0700,0.0700
sim_416,lab_sb,val,0.0177,R²<0.30,1.0,false,754,0.2110,0.0345,0.0210,0.0480
sim_417,lab_sb,train,0.0007,R²<0.30,1.0,false,816,0.2310,0.0439,0.0230,0.0840
sim_418,lab_sb,test,0.0231,R²<0.30,1.0,false,907,0.2610,0.0575,0.0260,0.1190
sim_419,lab_sb,train,0.4215,"R²∈[0.30,0.70)",1.0,false,847,0.2420,0.0824,0.0380,0.1210
sim_420,lab_sb,test,0.2095,R²<0.30,1.0,false,778,0.2190,0.0556,0.0220,0.1100
sim_421,lab_sb,train,0.0048,R²<0.30,1.0,false,965,0.2810,0.0428,0.0280,0.0710
sim_422,lab_sb,train,0.5270,"R²∈[0.30,0.70)",1.0,false,994,0.2900,0.0875,0.0290,0.1450
sim_423,lab_sb,val,0.0040,R²<0.30,1.0,false,730,0.2030,0.0549,0.0210,0.1020
sim_424,lab_sb,train,0.5992,"R²∈[0.30,0.70)",1.0,false,590,0.1560,0.0560,0.0560,0.0560
sim_425,lab_sb,train,0.3067,"R²∈[0.30,0.70)",1.0,false,965,0.2810,0.0507,0.0280,0.0730
sim_426,lab_sb,test,0.1158,R²<0.30,1.0,false,613,0.1640,0.0332,0.0200,0.0460
sim_427,lab_sb,val,0.1073,R²<0.30,1.0,false,904,0.2610,0.0652,0.0270,0.1300
sim_428,lab_sb,train,0.0744,R²<0.30,1.0,false,781,0.2200,0.0470,0.0470,0.0470
sim_429,lab_sb,train,0.1822,R²<0.30,1.0,false,703,0.1940,0.0718,0.0390,0.0970
sim_430,lab_sb,train,0.0513,R²<0.30,1.0,false,699,0.1920,0.0455,0.0200,0.0950
sim_431,lab_sb,val,0.0001,R²<0.30,1.0,false,764,0.2140,0.0328,0.0210,0.0550
sim_432,lab_sb,val,0.2528,R²<0.30,1.0,false,629,0.1690,0.0509,0.0200,0.0810
sim_433,lab_sb,train,0.0125,R²<0.30,1.0,false,927,0.2680,0.0587,0.0270,0.0900
sim_434,lab_sb,train,0.1881,R²<0.30,1.0,false,1015,0.2970,0.0864,0.0300,0.1420
sim_435,lab_sb,train,0.4301,"R²∈[0.30,0.70)",1.0,false,783,0.2200,0.0516,0.0220,0.1090
sim_436,lab_sb,train,0.0043,R²<0.30,1.0,false,908,0.2620,0.0500,0.0500,0.0500
sim_437,lab_sb,train,0.2246,R²<0.30,1.0,false,995,0.2910,0.0426,0.0290,0.0560
sim_438,lab_sb,train,0.3749,"R²∈[0.30,0.70)",1.0,false,946,0.2750,0.0833,0.0340,0.1380
sim_439,lab_sb,train,0.2174,R²<0.30,1.0,false,649,0.1760,0.0468,0.0200,0.0880
sim_440,lab_sb,test,0.0901,R²<0.30,1.0,false,1004,0.2940,0.0710,0.0710,0.0710
sim_441,lab_sb,train,0.0189,R²<0.30,1.0,false,598,0.1590,0.0265,0.0200,0.0330
sim_442,lab_sb,train,0.3827,"R²∈[0.30,0.70)",1.0,false,807,0.2280,0.1140,0.1140,0.1140
sim_443,lab_sb,val,0.4378,"R²∈[0.30,0.70)",1.0,false,649,0.1760,0.0638,0.0340,0.0880
sim_444,lab_sb,train,0.1484,R²<0.30,1.0,false,793,0.2240,0.0271,0.0220,0.0360
sim_445,lab_sb,test,0.0721,R²<0.30,1.0,false,938,0.2720,0.1016,0.0560,0.1360
sim_446,lab_sb,test,0.0766,R²<0.30,1.0,false,909,0.2620,0.0473,0.0260,0.0880
sim_447,lab_sb,val,0.3684,"R²∈[0.30,0.70)",1.0,false,832,0.2370,0.0824,0.0400,0.1180
sim_448,lab_sb,train,0.0034,R²<0.30,1.0,false,748,0.2090,0.0264,0.0210,0.0320
sim_449,lab_sb,val,0.0901,R²<0.30,1.0,false,973,0.2830,0.0611,0.0280,0.1250
sim_450,lab_sb,train,0.0563,R²<0.30,1.0,false,587,0.1550,0.0391,0.0200,0.0580
sim_451,lab_sb,train,0.4740,"R²∈[0.30,0.70)",1.0,false,821,0.2330,0.0365,0.0230,0.0500
sim_452,lab_sb,train,0.0772,R²<0.30,1.0,false,685,0.1880,0.0588,0.0250,0.0940
sim_453,lab_sb,train,0.2774,R²<0.30,1.0,false,898,0.2590,0.0933,0.0480,0.1300
sim_454,lab_sb,val,0.0217,R²<0.30,1.0,false,1005,0.2940,0.1100,0.1100,0.1100
sim_455,lab_sb,train,0.4551,"R²∈[0.30,0.70)",1.0,false,604,0.1610,0.0212,0.0200,0.0240
sim_456,lab_sb,train,0.2998,R²<0.30,1.0,false,968,0.2820,0.1041,0.0560,0.1410
sim_457,lab_sb,val,0.0078,R²<0.30,1.0,false,945,0.2740,0.1000,0.1000,0.1000
sim_458,lab_sb,val,0.0433,R²<0.30,1.0,false,817,0.2320,0.0316,0.0230,0.0480
sim_459,lab_sb,train,0.2155,R²<0.30,1.0,false,970,0.2820,0.0776,0.0280,0.1260
sim_460,lab_sb,train,0.0867,R²<0.30,1.0,false,684,0.1870,0.0522,0.0200,0.0840
sim_461,lab_sb,test,0.4355,"R²∈[0.30,0.70)",1.0,false,890,0.2560,0.0380,0.0260,0.0500
sim_462,lab_sb,train,0.1220,R²<0.30,1.0,false,993,0.2900,0.1010,0.1010,0.1010
sim_463,lab_sb,train,0.2521,R²<0.30,1.0,false,913,0.2630,0.0731,0.0260,0.1190
sim_464,lab_sb,val,0.0120,R²<0.30,1.0,false,1003,0.2940,0.0305,0.0290,0.0330
sim_465,lab_sb,val,0.0156,R²<0.30,1.0,false,944,0.2740,0.1090,0.0680,0.1370
sim_466,lab_sb,test,0.0360,R²<0.30,1.0,false,673,0.1840,0.0258,0.0200,0.0320
sim_467,lab_sb,train,0.0023,R²<0.30,1.0,false,941,0.2730,0.1067,0.0640,0.1360
sim_468,lab_sb,train,0.0002,R²<0.30,1.0,false,688,0.1890,0.0601,0.0260,0.0940
sim_469,lab_sb,train,0.0407,R²<0.30,1.0,false,851,0.2430,0.0428,0.0240,0.0790
sim_470,lab_sb,train,0.2757,R²<0.30,1.0,false,622,0.1670,0.0637,0.0370,0.0840
sim_471,lab_sb,train,0.1831,R²<0.30,1.0,false,814,0.2310,0.0291,0.0230,0.0350
sim_472,lab_sb,train,0.4595,"R²∈[0.30,0.70)",1.0,false,701,0.1930,0.0409,0.0200,0.0610
sim_473,lab_sb,train,0.0724,R²<0.30,1.0,false,1004,0.2940,0.0527,0.0290,0.0760
sim_474,lab_sb,train,0.0344,R²<0.30,1.0,false,652,0.1770,0.0223,0.0200,0.0270
sim_475,lab_sb,train,0.0101,R²<0.30,1.0,false,997,0.2910,0.1190,0.1190,0.1190
sim_476,lab_sb,train,0.1838,R²<0.30,1.0,false,999,0.2920,0.1120,0.1120,0.1120
sim_477,lab_sb,test,0.0357,R²<0.30,1.0,false,601,0.1600,0.0576,0.0310,0.0800
sim_478,lab_sb,train,0.0028,R²<0.30,1.0,false,598,0.1590,0.0230,0.0230,0.0230
sim_479,lab_sb,train,0.0298,R²<0.30,1.0,false,966,0.2810,0.1040,0.1040,0.1040
sim_480,lab_sb,val,0.0263,R²<0.30,1.0,false,772,0.2170,0.0274,0.0220,0.0330
sim_481,lab_sb,train,0.0007,R²<0.30,1.0,false,913,0.2640,0.0299,0.0260,0.0330
sim_482,lab_sb,val,0.0172,R²<0.30,1.0,false,941,0.2730,0.0543,0.0270,0.0810
sim_483,lab_sb,train,0.0589,R²<0.30,1.0,false,919,0.2660,0.0663,0.0270,0.1330
sim_484,lab_sb,test,0.1025,R²<0.30,1.0,false,644,0.1740,0.0729,0.0510,0.0870
sim_485,lab_sb,train,0.1367,R²<0.30,1.0,false,765,0.2140,0.0463,0.0210,0.0950
sim_486,lab_sb,train,0.0040,R²<0.30,1.0,false,810,0.2290,0.0445,0.0230,0.0860
sim_487,lab_sb,train,0.3318,"R²∈[0.30,0.70)",1.0,false,670,0.1830,0.0723,0.0450,0.0920
sim_488,lab_sb,val,0.1747,R²<0.30,1.0,false,676,0.1850,0.0300,0.0200,0.0400
sim_489,lab_sb,val,0.0005,R²<0.30,1.0,false,1000,0.2930,0.0330,0.0330,0.0330
sim_490,lab_sb,train,0.0485,R²<0.30,1.0,false,902,0.2600,0.0480,0.0260,0.0700
sim_491,lab_sb,test,0.0842,R²<0.30,1.0,false,860,0.2460,0.0962,0.0580,0.1230
sim_492,lab_sb,train,0.0016,R²<0.30,1.0,false,770,0.2160,0.0395,0.0220,0.0570
sim_493,lab_sb,train,0.4580,"R²∈[0.30,0.70)",1.0,false,975,0.2840,0.0712,0.0280,0.1130
sim_494,lab_sb,train,0.0120,R²<0.30,1.0,false,662,0.1800,0.0355,0.0200,0.0660
sim_495,lab_sb,test,0.0376,R²<0.30,1.0,false,737,0.2050,0.0400,0.0200,0.0590
sim_496,lab_sb,train,0.4880,"R²∈[0.30,0.70)",1.0,false,814,0.2310,0.0400,0.0400,0.0400
sim_497,lab_sb,val,0.0014,R²<0.30,1.0,false,961,0.2800,0.0338,0.0280,0.0450
sim_498,lab_sb,train,0.0258,R²<0.30,1.0,false,776,0.2180,0.0853,0.0510,0.1090
sim_499,lab_sb,train,0.2462,R²<0.30,1.0,false,854,0.2440,0.0530,0.0530,0.0530
sim_500,lab_sb,train,0.0121,R²<0.30,1.0,false,983,0.2870,0.1069,0.0580,0.1440
sim_501,servidor_privado,train,0.0079,R²<0.30,1.0,false,672,0.1830,0.0547,0.0200,0.0890
sim_502,servidor_privado,train,0.7237,"R²∈[0.70,0.85)",10.0,false,661,0.1800,0.0303,0.0200,0.0400
sim_503,servidor_privado,train,0.0013,R²<0.30,1.0,false,604,0.1610,0.0531,0.0250,0.0800
sim_504,servidor_privado,train,0.1137,R²<0.30,1.0,false,751,0.2100,0.0616,0.0210,0.1050
sim_505,servidor_privado,train,0.0026,R²<0.30,1.0,false,948,0.2750,0.0485,0.0280,0.0890
sim_506,servidor_privado,val,0.0966,R²<0.30,1.0,false,738,0.2050,0.0601,0.0210,0.1020
sim_507,servidor_privado,test,0.5558,"R²∈[0.30,0.70)",1.0,false,580,0.1530,0.0581,0.0200,0.0730
sim_508,servidor_privado,train,0.8524,R²≥0.85,20.0,false,883,0.2540,0.0889,0.0430,0.1270
sim_509,servidor_privado,test,0.2768,R²<0.30,1.0,false,879,0.2520,0.0930,0.0930,0.0930
sim_510,servidor_privado,val,0.2624,R²<0.30,1.0,false,913,0.2640,0.0922,0.0450,0.1320
sim_511,servidor_privado,train,0.4620,"R²∈[0.30,0.70)",1.0,false,689,0.1890,0.0424,0.0200,0.0640
sim_512,servidor_privado,train,0.0486,R²<0.30,1.0,false,736,0.2050,0.0370,0.0370,0.0370
sim_513,servidor_privado,train,0.1258,R²<0.30,1.0,false,775,0.2180,0.0311,0.0220,0.0490
sim_514,servidor_privado,val,0.2692,R²<0.30,1.0,false,580,0.1530,0.0472,0.0200,0.0760
sim_515,servidor_privado,train,0.0021,R²<0.30,1.0,false,706,0.1950,0.0280,0.0280,0.0280
sim_516,servidor_privado,train,0.0656,R²<0.30,1.0,false,928,0.2690,0.0331,0.0270,0.0450
sim_517,servidor_privado,val,0.7692,"R²∈[0.70,0.85)",10.0,false,1011,0.2960,0.0831,0.0300,0.1480
sim_518,servidor_privado,test,0.7255,"R²∈[0.70,0.85)",10.0,false,685,0.1880,0.0571,0.0250,0.0860
sim_519,servidor_privado,test,0.7259,"R²∈[0.70,0.85)",10.0,false,670,0.1830,0.0725,0.0430,0.0770
sim_520,servidor_privado,test,0.3497,"R²∈[0.30,0.70)",1.0,false,870,0.2490,0.1160,0.1160,0.1160
sim_521,servidor_privado,val,0.2219,R²<0.30,1.0,false,647,0.1750,0.0547,0.0200,0.0870
sim_522,servidor_privado,test,0.8022,"R²∈[0.70,0.85)",10.0,false,800,0.2260,0.0693,0.0230,0.1130
sim_523,servidor_privado,train,0.0081,R²<0.30,1.0,false,867,0.2480,0.0960,0.0960,0.0960
sim_524,servidor_privado,train,0.0398,R²<0.30,1.0,false,604,0.1610,0.0285,0.0200,0.0370
sim_525,servidor_privado,test,0.6572,"R²∈[0.30,0.70)",1.0,false,955,0.2780,0.0812,0.0280,0.1390
sim_526,servidor_privado,train,0.5540,"R²∈[0.30,0.70)",1.0,false,1020,0.2990,0.0660,0.0300,0.1010
sim_527,servidor_privado,test,0.4229,"R²∈[0.30,0.70)",1.0,false,1009,0.2950,0.0638,0.0300,0.1300
sim_528,servidor_privado,train,0.0079,R²<0.30,1.0,false,672,0.1830,0.0552,0.0200,0.0900
sim_529,servidor_privado,val,0.2221,R²<0.30,1.0,false,990,0.2890,0.0528,0.0290,0.0990
sim_530,servidor_privado,val,0.2290,R²<0.30,1.0,false,577,0.1520,0.0633,0.0440,0.0760
sim_531,servidor_privado,val,0.3495,"R²∈[0.30,0.70)",1.0,false,710,0.1960,0.0579,0.0200,0.0980
sim_532,servidor_privado,train,0.3398,"R²∈[0.30,0.70)",1.0,false,861,0.2460,0.0683,0.0250,0.1110
sim_533,servidor_privado,train,0.7899,"R²∈[0.70,0.85)",10.0,false,838,0.2390,0.0729,0.0240,0.1190
sim_534,servidor_privado,train,0.0018,R²<0.30,1.0,false,592,0.1570,0.0279,0.0200,0.0430
sim_535,servidor_privado,train,0.0047,R²<0.30,1.0,false,640,0.1730,0.0230,0.0230,0.0230
sim_536,servidor_privado,train,0.1162,R²<0.30,1.0,false,944,0.2740,0.1007,0.0540,0.1370
sim_537,servidor_privado,val,0.1648,R²<0.30,1.0,false,602,0.1600,0.0498,0.0200,0.0800
sim_538,servidor_privado,train,0.0888,R²<0.30,1.0,false,766,0.2150,0.0494,0.0220,0.0770
sim_539,servidor_privado,val,0.0477,R²<0.30,1.0,false,709,0.1960,0.0671,0.0350,0.0810
sim_540,servidor_privado,train,0.0664,R²<0.30,1.0,false,877,0.2520,0.0490,0.0490,0.0490
sim_541,servidor_privado,test,0.3649,"R²∈[0.30,0.70)",1.0,false,646,0.1750,0.0559,0.0200,0.0760
sim_542,servidor_privado,test,0.5499,"R²∈[0.30,0.70)",1.0,false,864,0.2470,0.0753,0.0250,0.1230
sim_543,servidor_privado,train,0.0748,R²<0.30,1.0,false,683,0.1870,0.0301,0.0200,0.0500
sim_544,servidor_privado,test,0.4917,"R²∈[0.30,0.70)",1.0,false,760,0.2130,0.0695,0.0340,0.0820
sim_545,servidor_privado,train,0.1201,R²<0.30,1.0,false,672,0.1830,0.0890,0.0890,0.0890
sim_546,servidor_privado,val,0.0165,R²<0.30,1.0,false,659,0.1790,0.0559,0.0200,0.0890
sim_547,servidor_privado,train,0.6790,"R²∈[0.30,0.70)",1.0,false,724,0.2010,0.0695,0.0330,0.1000
sim_548,servidor_privado,train,0.0085,R²<0.30,1.0,false,1010,0.2960,0.0650,0.0650,0.0650
sim_549,servidor_privado,train,0.0194,R²<0.30,1.0,false,655,0.1780,0.0220,0.0220,0.0220
sim_550,servidor_privado,test,0.2162,R²<0.30,1.0,false,616,0.1650,0.0223,0.0200,0.0270
sim_551,servidor_privado,val,0.0807,R²<0.30,1.0,false,837,0.2380,0.0860,0.0860,0.0860
sim_552,servidor_privado,train,0.8880,R²≥0.85,20.0,false,955,0.2780,0.0711,0.0280,0.1340
sim_553,servidor_privado,train,0.0048,R²<0.30,1.0,false,601,0.1600,0.0200,0.0200,0.0200
sim_554,servidor_privado,test,0.8369,"R²∈[0.70,0.85)",10.0,false,944,0.2740,0.0806,0.0290,0.1260
sim_555,servidor_privado,train,0.2412,R²<0.30,1.0,false,658,0.1790,0.0581,0.0210,0.0800
sim_556,servidor_privado,train,0.0106,R²<0.30,1.0,false,610,0.1630,0.0593,0.0340,0.0780
sim_557,servidor_privado,train,0.3005,"R²∈[0.30,0.70)",1.0,false,679,0.1860,0.0338,0.0200,0.0470
sim_558,servidor_privado,train,0.0715,R²<0.30,1.0,false,1011,0.2960,0.0960,0.0960,0.0960
sim_559,servidor_privado,train,0.6000,"R²∈[0.30,0.70)",1.0,false,822,0.2330,0.0860,0.0860,0.0860
sim_560,servidor_privado,val,0.1361,R²<0.30,1.0,false,865,0.2480,0.0260,0.0260,0.0260
sim_561,servidor_privado,train,0.2314,R²<0.30,1.0,false,589,0.1560,0.0528,0.0260,0.0780
sim_562,servidor_privado,val,0.1345,R²<0.30,1.0,false,721,0.2000,0.0786,0.0480,0.1000
sim_563,servidor_privado,train,0.1543,R²<0.30,1.0,false,859,0.2460,0.0688,0.0350,0.0810
sim_564,servidor_privado,train,0.6395,"R²∈[0.30,0.70)",1.0,false,806,0.2280,0.0330,0.0230,0.0530
sim_565,servidor_privado,train,0.2982,R²<0.30,1.0,false,768,0.2150,0.0661,0.0220,0.1070
sim_566,servidor_privado,train,0.0912,R²<0.30,1.0,false,744,0.2070,0.0623,0.0210,0.1030
sim_567,servidor_privado,train,0.0158,R²<0.30,1.0,false,965,0.2810,0.0790,0.0790,0.0790
sim_568,servidor_privado,train,0.4034,"R²∈[0.30,0.70)",1.0,false,592,0.1570,0.0530,0.0250,0.0660
sim_569,servidor_privado,train,0.0068,R²<0.30,1.0,false,625,0.1680,0.0604,0.0320,0.0840
sim_570,servidor_privado,train,0.0527,R²<0.30,1.0,false,634,0.1710,0.0233,0.0200,0.0300
sim_571,servidor_privado,train,0.0000,R²<0.30,1.0,false,802,0.2270,0.0246,0.0230,0.0270
sim_572,servidor_privado,train,0.5791,"R²∈[0.30,0.70)",1.0,false,650,0.1760,0.0551,0.0200,0.0880
sim_573,servidor_privado,val,0.6494,"R²∈[0.30,0.70)",1.0,false,676,0.1850,0.0522,0.0200,0.0740
sim_574,servidor_privado,train,0.2656,R²<0.30,1.0,false,985,0.2870,0.0849,0.0290,0.1430
sim_575,servidor_privado,train,0.1869,R²<0.30,1.0,false,664,0.1810,0.0496,0.0200,0.0840
sim_576,servidor_privado,val,0.6695,"R²∈[0.30,0.70)",1.0,false,580,0.1530,0.0611,0.0390,0.0760
sim_577,servidor_privado,train,0.3058,"R²∈[0.30,0.70)",1.0,false,586,0.1550,0.0300,0.0300,0.0300
sim_578,servidor_privado,train,0.5166,"R²∈[0.30,0.70)",1.0,false,710,0.1960,0.0640,0.0640,0.0640
sim_579,servidor_privado,val,0.0961,R²<0.30,1.0,false,640,0.1730,0.0282,0.0200,0.0310
sim_580,servidor_privado,train,0.4014,"R²∈[0.30,0.70)",1.0,false,694,0.1910,0.0638,0.0250,0.0820
sim_581,servidor_privado,train,0.1315,R²<0.30,1.0,false,574,0.1510,0.0251,0.0200,0.0350
sim_582,servidor_privado,train,0.0378,R²<0.30,1.0,false,847,0.2420,0.0270,0.0270,0.0270
sim_583,servidor_privado,train,0.0032,R²<0.30,1.0,false,869,0.2490,0.1021,0.0680,0.1240
sim_584,servidor_privado,test,0.3442,"R²∈[0.30,0.70)",1.0,false,835,0.2380,0.0290,0.0240,0.0340
sim_585,servidor_privado,test,0.2853,R²<0.30,1.0,false,710,0.1960,0.0794,0.0520,0.0980
sim_586,servidor_privado,train,0.3079,"R²∈[0.30,0.70)",1.0,false,730,0.2030,0.0340,0.0340,0.0340
sim_587,servidor_privado,train,0.3980,"R²∈[0.30,0.70)",1.0,false,770,0.2160,0.0520,0.0520,0.0520
sim_588,servidor_privado,test,0.3342,"R²∈[0.30,0.70)",1.0,false,604,0.1610,0.0297,0.0200,0.0490
sim_589,servidor_privado,train,0.0050,R²<0.30,1.0,false,895,0.2580,0.0420,0.0420,0.0420
sim_590,servidor_privado,train,0.0015,R²<0.30,1.0,false,578,0.1520,0.0620,0.0620,0.0620
sim_591,servidor_privado,train,0.5675,"R²∈[0.30,0.70)",1.0,false,895,0.2580,0.0367,0.0260,0.0470
sim_592,servidor_privado,val,0.6219,"R²∈[0.30,0.70)",1.0,false,571,0.1500,0.0612,0.0260,0.0750
sim_593,servidor_privado,val,0.5358,"R²∈[0.30,0.70)",1.0,false,595,0.1580,0.0503,0.0210,0.0690
sim_594,servidor_privado,train,0.0461,R²<0.30,1.0,false,684,0.1870,0.0449,0.0200,0.0930
sim_595,servidor_privado,test,0.8919,R²≥0.85,20.0,false,929,0.2690,0.0811,0.0270,0.1340
sim_596,servidor_privado,train,0.0691,R²<0.30,1.0,false,777,0.2180,0.0567,0.0220,0.0910
sim_597,servidor_privado,train,0.4774,"R²∈[0.30,0.70)",1.0,false,1001,0.2930,0.0941,0.0460,0.1130
sim_598,servidor_privado,test,0.0948,R²<0.30,1.0,false,637,0.1720,0.0698,0.0460,0.0860
sim_599,servidor_privado,train,0.0907,R²<0.30,1.0,false,718,0.1990,0.0450,0.0450,0.0450
sim_600,servidor_privado,train,0.1850,R²<0.30,1.0,false,665,0.1810,0.0389,0.0200,0.0760
sim_601,servidor_privado,val,0.0449,R²<0.30,1.0,false,993,0.2900,0.0629,0.0290,0.0960
sim_602,servidor_privado,train,0.0090,R²<0.30,1.0,false,691,0.1900,0.0380,0.0380,0.0380
sim_603,servidor_privado,test,0.1386,R²<0.30,1.0,false,718,0.1990,0.0599,0.0200,0.0990
sim_604,servidor_privado,train,0.0292,R²<0.30,1.0,false,890,0.2560,0.1013,0.0620,0.1280
sim_605,servidor_privado,train,0.0872,R²<0.30,1.0,false,605,0.1610,0.0341,0.0200,0.0620
sim_606,servidor_privado,train,0.7945,"R²∈[0.70,0.85)",10.0,false,700,0.1930,0.0425,0.0200,0.0640
sim_607,servidor_privado,train,0.0224,R²<0.30,1.0,false,831,0.2360,0.0564,0.0240,0.0890
sim_608,servidor_privado,train,0.0413,R²<0.30,1.0,false,676,0.1850,0.0696,0.0390,0.0920
sim_609,servidor_privado,train,0.1059,R²<0.30,1.0,false,785,0.2210,0.0750,0.0750,0.0750
sim_610,servidor_privado,train,0.0066,R²<0.30,1.0,false,679,0.1860,0.0215,0.0200,0.0230
sim_611,servidor_privado,train,0.0279,R²<0.30,1.0,false,635,0.1710,0.0392,0.0200,0.0770
sim_612,servidor_privado,val,0.0073,R²<0.30,1.0,false,1010,0.2960,0.1121,0.0630,0.1480
sim_613,servidor_privado,test,0.2814,R²<0.30,1.0,false,905,0.2610,0.0953,0.0560,0.1000
sim_614,servidor_privado,train,0.3253,"R²∈[0.30,0.70)",1.0,false,840,0.2390,0.0549,0.0240,0.1150
sim_615,servidor_privado,val,0.2242,R²<0.30,1.0,false,917,0.2650,0.1037,0.0570,0.1150
sim_616,servidor_privado,train,0.4282,"R²∈[0.30,0.70)",1.0,false,578,0.1520,0.0373,0.0200,0.0710
sim_617,servidor_privado,train,0.5548,"R²∈[0.30,0.70)",1.0,false,598,0.1590,0.0514,0.0200,0.0790
sim_618,servidor_privado,val,0.1714,R²<0.30,1.0,false,721,0.2000,0.0771,0.0450,0.1000
sim_619,servidor_privado,train,0.0276,R²<0.30,1.0,false,1000,0.2920,0.1320,0.1320,0.1320
sim_620,servidor_privado,train,0.8045,"R²∈[0.70,0.85)",10.0,false,985,0.2870,0.0856,0.0290,0.1430
sim_621,servidor_privado,train,0.7046,"R²∈[0.70,0.85)",10.0,false,665,0.1810,0.0423,0.0200,0.0640
sim_622,servidor_privado,train,0.0245,R²<0.30,1.0,false,866,0.2480,0.0353,0.0250,0.0560
sim_623,servidor_privado,train,0.3997,"R²∈[0.30,0.70)",1.0,false,798,0.2250,0.0681,0.0230,0.1120
sim_624,servidor_privado,train,0.0775,R²<0.30,1.0,false,923,0.2670,0.0797,0.0270,0.1330
sim_625,servidor_privado,val,0.4448,"R²∈[0.30,0.70)",1.0,false,983,0.2870,0.0457,0.0290,0.0790
sim_626,servidor_privado,train,0.2664,R²<0.30,1.0,false,668,0.1820,0.0780,0.0780,0.0780
sim_627,servidor_privado,train,0.9208,R²≥0.85,20.0,false,1020,0.2990,0.0895,0.0300,0.1490
sim_628,servidor_privado,val,0.0772,R²<0.30,1.0,false,808,0.2290,0.0470,0.0230,0.0830
sim_629,servidor_privado,train,0.0648,R²<0.30,1.0,false,796,0.2250,0.0804,0.0410,0.1120
sim_630,servidor_privado,train,0.0201,R²<0.30,1.0,false,991,0.2900,0.0303,0.0290,0.0330
sim_631,servidor_privado,train,0.1832,R²<0.30,1.0,false,914,0.2640,0.0790,0.0790,0.0790
sim_632,servidor_privado,train,0.2065,R²<0.30,1.0,false,905,0.2610,0.1060,0.0690,0.1300
sim_633,servidor_privado,train,0.1513,R²<0.30,1.0,false,896,0.2580,0.1049,0.0430,0.1270
sim_634,servidor_privado,train,0.2602,R²<0.30,1.0,false,685,0.1880,0.0283,0.0200,0.0360
sim_635,servidor_privado,train,0.0090,R²<0.30,1.0,false,1023,0.3000,0.1000,0.1000,0.1000
sim_636,servidor_privado,train,0.3429,"R²∈[0.30,0.70)",1.0,false,998,0.2920,0.1172,0.0750,0.1460
sim_637,servidor_privado,train,0.0884,R²<0.30,1.0,false,783,0.2200,0.1080,0.1080,0.1080
sim_638,servidor_privado,train,0.4819,"R²∈[0.30,0.70)",1.0,false,673,0.1840,0.0458,0.0200,0.0690
sim_639,servidor_privado,train,0.3033,"R²∈[0.30,0.70)",1.0,false,781,0.2200,0.0831,0.0470,0.1100
sim_640,servidor_privado,train,0.5034,"R²∈[0.30,0.70)",1.0,false,925,0.2680,0.0341,0.0270,0.0410
sim_641,servidor_privado,train,0.0100,R²<0.30,1.0,false,878,0.2520,0.0620,0.0620,0.0620
sim_642,servidor_privado,train,0.5294,"R²∈[0.30,0.70)",1.0,false,740,0.2060,0.0560,0.0560,0.0560
sim_643,servidor_privado,train,0.0092,R²<0.30,1.0,false,623,0.1670,0.0518,0.0200,0.0830
sim_644,servidor_privado,train,0.5965,"R²∈[0.30,0.70)",1.0,false,980,0.2860,0.1091,0.0650,0.1260
sim_645,servidor_privado,train,0.5911,"R²∈[0.30,0.70)",1.0,false,775,0.2180,0.0589,0.0290,0.0950
sim_646,servidor_privado,train,0.0398,R²<0.30,1.0,false,838,0.2390,0.0460,0.0460,0.0460
sim_647,servidor_privado,train,0.1248,R²<0.30,1.0,false,824,0.2340,0.1008,0.0550,0.1100
sim_648,servidor_privado,train,0.1782,R²<0.30,1.0,false,748,0.2090,0.0300,0.0210,0.0390
sim_649,servidor_privado,test,0.5726,"R²∈[0.30,0.70)",1.0,false,739,0.2060,0.0682,0.0300,0.1030
sim_650,servidor_privado,train,0.7182,"R²∈[0.70,0.85)",10.0,false,750,0.2090,0.0640,0.0210,0.1040
sim_651,servidor_privado,train,0.1970,R²<0.30,1.0,false,918,0.2650,0.1000,0.1000,0.1000
sim_652,servidor_privado,val,0.0113,R²<0.30,1.0,false,1011,0.2960,0.0612,0.0300,0.0920
sim_653,servidor_privado,train,0.0108,R²<0.30,1.0,false,650,0.1760,0.0650,0.0650,0.0650
sim_654,servidor_privado,train,0.3224,"R²∈[0.30,0.70)",1.0,false,800,0.2260,0.0919,0.0600,0.1130
sim_655,servidor_privado,test,0.0235,R²<0.30,1.0,false,668,0.1820,0.0511,0.0200,0.0820
sim_656,servidor_privado,train,0.2164,R²<0.30,1.0,false,646,0.1750,0.0379,0.0200,0.0470
sim_657,servidor_privado,train,0.0274,R²<0.30,1.0,false,842,0.2400,0.0845,0.0390,0.1150
sim_658,servidor_privado,train,0.3015,"R²∈[0.30,0.70)",1.0,false,732,0.2030,0.1000,0.1000,0.1000
sim_659,servidor_privado,train,0.0053,R²<0.30,1.0,false,777,0.2180,0.0538,0.0220,0.0850
sim_660,servidor_privado,train,0.0132,R²<0.30,1.0,false,750,0.2090,0.0470,0.0210,0.0980
sim_661,servidor_privado,train,0.2400,R²<0.30,1.0,false,656,0.1780,0.0313,0.0200,0.0530
sim_662,servidor_privado,train,0.4771,"R²∈[0.30,0.70)",1.0,false,746,0.2080,0.0600,0.0600,0.0600
sim_663,servidor_privado,val,0.0377,R²<0.30,1.0,false,830,0.2360,0.0570,0.0570,0.0570
sim_664,servidor_privado,train,0.2957,R²<0.30,1.0,false,632,0.1700,0.0411,0.0200,0.0620
sim_665,servidor_privado,test,0.0755,R²<0.30,1.0,false,616,0.1650,0.0477,0.0290,0.0500
sim_666,servidor_privado,test,0.0258,R²<0.30,1.0,false,869,0.2490,0.0422,0.0250,0.0760
sim_667,servidor_privado,val,0.5997,"R²∈[0.30,0.70)",1.0,false,984,0.2870,0.1160,0.1160,0.1160
sim_668,servidor_privado,train,0.0047,R²<0.30,1.0,false,842,0.2400,0.0790,0.0790,0.0790
sim_669,servidor_privado,train,0.6025,"R²∈[0.30,0.70)",1.0,false,739,0.2060,0.0698,0.0320,0.1030
sim_670,servidor_privado,train,0.0942,R²<0.30,1.0,false,681,0.1860,0.0890,0.0890,0.0890
sim_671,servidor_privado,val,0.1737,R²<0.30,1.0,false,1004,0.2940,0.0750,0.0750,0.0750
sim_672,servidor_privado,train,0.1360,R²<0.30,1.0,false,622,0.1670,0.0220,0.0220,0.0220
sim_673,servidor_privado,train,0.0592,R²<0.30,1.0,false,586,0.1550,0.0237,0.0200,0.0270
sim_674,servidor_privado,test,0.0876,R²<0.30,1.0,false,652,0.1770,0.0701,0.0440,0.0880
sim_675,servidor_privado,test,0.0008,R²<0.30,1.0,false,652,0.1770,0.0222,0.0200,0.0260
sim_676,servidor_privado,test,0.5099,"R²∈[0.30,0.70)",1.0,false,1009,0.2960,0.0360,0.0300,0.0480
sim_677,servidor_privado,val,0.0937,R²<0.30,1.0,false,961,0.2800,0.0909,0.0390,0.1400
sim_678,servidor_privado,train,0.5796,"R²∈[0.30,0.70)",1.0,false,976,0.2850,0.0350,0.0350,0.0350
sim_679,servidor_privado,train,0.0058,R²<0.30,1.0,false,818,0.2320,0.0660,0.0660,0.0660
sim_680,servidor_privado,val,0.5111,"R²∈[0.30,0.70)",1.0,false,778,0.2190,0.0648,0.0220,0.1090
sim_681,servidor_privado,train,0.1777,R²<0.30,1.0,false,913,0.2630,0.1300,0.1300,0.1300
sim_682,servidor_privado,train,0.0069,R²<0.30,1.0,false,601,0.1600,0.0494,0.0200,0.0800
sim_683,servidor_privado,train,0.2887,R²<0.30,1.0,false,896,0.2580,0.1009,0.0610,0.1290
sim_684,servidor_privado,train,0.0625,R²<0.30,1.0,false,938,0.2720,0.1062,0.0640,0.1360
sim_685,servidor_privado,test,0.6365,"R²∈[0.30,0.70)",1.0,false,872,0.2500,0.0508,0.0250,0.0760
sim_686,servidor_privado,train,0.0710,R²<0.30,1.0,false,829,0.2360,0.0324,0.0240,0.0410
sim_687,servidor_privado,train,0.4455,"R²∈[0.30,0.70)",1.0,false,626,0.1680,0.0810,0.0810,0.0810
sim_688,servidor_privado,val,0.0994,R²<0.30,1.0,false,873,0.2500,0.1160,0.1160,0.1160
sim_689,servidor_privado,train,0.3153,"R²∈[0.30,0.70)",1.0,false,647,0.1750,0.0528,0.0210,0.0870
sim_690,servidor_privado,test,0.2283,R²<0.30,1.0,false,891,0.2560,0.0821,0.0260,0.1280
sim_691,servidor_privado,train,0.4780,"R²∈[0.30,0.70)",1.0,false,716,0.1980,0.0338,0.0200,0.0610
sim_692,servidor_privado,val,0.5457,"R²∈[0.30,0.70)",1.0,false,812,0.2300,0.0724,0.0290,0.1070
sim_693,servidor_privado,train,0.1001,R²<0.30,1.0,false,620,0.1660,0.0342,0.0200,0.0620
sim_694,servidor_privado,train,0.5262,"R²∈[0.30,0.70)",1.0,false,673,0.1840,0.0607,0.0360,0.0770
sim_695,servidor_privado,test,0.0004,R²<0.30,1.0,false,776,0.2180,0.0329,0.0220,0.0540
sim_696,servidor_privado,test,0.0067,R²<0.30,1.0,false,729,0.2020,0.0910,0.0910,0.0910
sim_697,servidor_privado,test,0.2857,R²<0.30,1.0,false,684,0.1870,0.0551,0.0200,0.0900
sim_698,servidor_privado,test,0.5987,"R²∈[0.30,0.70)",1.0,false,652,0.1770,0.0330,0.0200,0.0440
sim_699,servidor_privado,val,0.7424,"R²∈[0.70,0.85)",10.0,false,674,0.1840,0.0392,0.0200,0.0770
sim_700,servidor_privado,train,0.0741,R²<0.30,1.0,false,833,0.2370,0.0871,0.0540,0.0970
sim_701,servidor_privado,val,0.0039,R²<0.30,1.0,false,872,0.2500,0.0372,0.0250,0.0610
sim_702,servidor_privado,train,0.4186,"R²∈[0.30,0.70)",1.0,false,896,0.2580,0.0740,0.0740,0.0740
sim_703,servidor_privado,test,0.8005,"R²∈[0.70,0.85)",10.0,false,821,0.2330,0.0880,0.0530,0.0920
sim_704,servidor_privado,val,0.0537,R²<0.30,1.0,false,689,0.1890,0.0389,0.0200,0.0760
sim_705,servidor_privado,train,0.6956,"R²∈[0.30,0.70)",1.0,false,991,0.2900,0.0835,0.0290,0.1450
sim_706,servidor_privado,test,0.1951,R²<0.30,1.0,false,986,0.2880,0.0901,0.0450,0.1330
sim_707,servidor_privado,train,0.2675,R²<0.30,1.0,false,692,0.1900,0.0338,0.0200,0.0610
sim_708,servidor_privado,val,0.0071,R²<0.30,1.0,false,911,0.2630,0.0650,0.0650,0.0650
sim_709,servidor_privado,train,0.0900,R²<0.30,1.0,false,583,0.1540,0.0240,0.0240,0.0240
sim_710,servidor_privado,train,0.0273,R²<0.30,1.0,false,709,0.1960,0.0570,0.0200,0.0890
sim_711,servidor_privado,train,0.0927,R²<0.30,1.0,false,671,0.1830,0.0356,0.0200,0.0510
sim_712,servidor_privado,train,0.1428,R²<0.30,1.0,false,810,0.2290,0.0708,0.0230,0.1140
sim_713,servidor_privado,train,0.1380,R²<0.30,1.0,false,901,0.2600,0.0670,0.0270,0.1300
sim_714,servidor_privado,train,0.1450,R²<0.30,1.0,false,820,0.2330,0.0490,0.0490,0.0490
sim_715,servidor_privado,train,0.0700,R²<0.30,1.0,false,787,0.2220,0.0852,0.0490,0.1110
sim_716,servidor_privado,train,0.3413,"R²∈[0.30,0.70)",1.0,false,790,0.2230,0.0705,0.0230,0.1080
sim_717,servidor_privado,test,0.2024,R²<0.30,1.0,false,784,0.2210,0.0759,0.0310,0.1020
sim_718,servidor_privado,train,0.0480,R²<0.30,1.0,false,842,0.2400,0.0333,0.0240,0.0520
sim_719,servidor_privado,train,0.1355,R²<0.30,1.0,false,836,0.2380,0.0405,0.0240,0.0570
sim_720,servidor_privado,train,0.5615,"R²∈[0.30,0.70)",1.0,false,691,0.1900,0.0595,0.0260,0.0850
sim_721,servidor_privado,train,0.9246,R²≥0.85,20.0,false,743,0.2070,0.0633,0.0210,0.1030
sim_722,servidor_privado,val,0.2129,R²<0.30,1.0,false,1004,0.2940,0.0873,0.0300,0.1470
sim_723,servidor_privado,train,0.2741,R²<0.30,1.0,false,968,0.2820,0.0830,0.0830,0.0830
sim_724,servidor_privado,val,0.0027,R²<0.30,1.0,false,831,0.2360,0.0460,0.0240,0.0890
sim_725,servidor_privado,train,0.6536,"R²∈[0.30,0.70)",1.0,false,698,0.1920,0.0832,0.0510,0.0940
sim_726,servidor_privado,train,0.5732,"R²∈[0.30,0.70)",1.0,false,983,0.2870,0.0859,0.0290,0.1430
sim_727,servidor_privado,train,0.2931,R²<0.30,1.0,false,673,0.1840,0.0282,0.0200,0.0440
sim_728,servidor_privado,train,0.4935,"R²∈[0.30,0.70)",1.0,false,952,0.2770,0.0971,0.0470,0.1380
sim_729,servidor_privado,val,0.1358,R²<0.30,1.0,false,709,0.1960,0.0633,0.0270,0.0980
sim_730,servidor_privado,test,0.0485,R²<0.30,1.0,false,823,0.2340,0.0672,0.0260,0.1170
sim_731,servidor_privado,train,0.0709,R²<0.30,1.0,false,929,0.2690,0.0824,0.0410,0.1290
sim_732,servidor_privado,test,0.1552,R²<0.30,1.0,false,980,0.2860,0.0993,0.0560,0.1170
sim_733,servidor_privado,test,0.2784,R²<0.30,1.0,false,865,0.2480,0.0582,0.0250,0.0880
sim_734,servidor_privado,train,0.1549,R²<0.30,1.0,false,665,0.1810,0.0549,0.0200,0.0900
sim_735,servidor_privado,train,0.1095,R²<0.30,1.0,false,724,0.2010,0.0798,0.0410,0.0940
sim_736,servidor_privado,train,0.0906,R²<0.30,1.0,false,747,0.2080,0.0920,0.0920,0.0920
sim_737,servidor_privado,val,0.5144,"R²∈[0.30,0.70)",1.0,false,775,0.2180,0.0777,0.0400,0.0900
sim_738,servidor_privado,train,0.5063,"R²∈[0.30,0.70)",1.0,false,622,0.1670,0.0347,0.0200,0.0490
sim_739,servidor_privado,val,0.0200,R²<0.30,1.0,false,905,0.2610,0.0520,0.0520,0.0520
sim_740,servidor_privado,train,0.4294,"R²∈[0.30,0.70)",1.0,false,764,0.2140,0.0816,0.0390,0.1010
sim_741,servidor_privado,train,0.6471,"R²∈[0.30,0.70)",1.0,false,1011,0.2960,0.0913,0.0300,0.1480
sim_742,servidor_privado,test,0.1812,R²<0.30,1.0,false,686,0.1880,0.0302,0.0200,0.0500
sim_743,servidor_privado,train,0.8150,"R²∈[0.70,0.85)",10.0,false,757,0.2120,0.0549,0.0310,0.0830
sim_744,servidor_privado,test,0.0001,R²<0.30,1.0,false,970,0.2820,0.1230,0.1230,0.1230
sim_745,servidor_privado,train,0.0050,R²<0.30,1.0,false,787,0.2220,0.0721,0.0310,0.1110
sim_746,servidor_privado,train,0.0871,R²<0.30,1.0,false,743,0.2070,0.0374,0.0210,0.0540
sim_747,servidor_privado,train,0.3075,"R²∈[0.30,0.70)",1.0,false,792,0.2230,0.1080,0.1080,0.1080
sim_748,servidor_privado,train,0.5105,"R²∈[0.30,0.70)",1.0,false,1009,0.2960,0.0876,0.0300,0.1480
sim_749,servidor_privado,train,0.0909,R²<0.30,1.0,false,826,0.2350,0.0631,0.0240,0.0850
sim_750,servidor_privado,train,0.6474,"R²∈[0.30,0.70)",1.0,false,886,0.2550,0.0599,0.0260,0.0820
sim_751,servidor_privado,train,0.0939,R²<0.30,1.0,false,801,0.2260,0.0900,0.0900,0.0900
sim_752,servidor_privado,val,0.0013,R²<0.30,1.0,false,952,0.2760,0.0626,0.0280,0.1300
sim_753,servidor_privado,train,0.1349,R²<0.30,1.0,false,951,0.2760,0.0561,0.0280,0.1110
sim_754,servidor_privado,train,0.2381,R²<0.30,1.0,false,806,0.2280,0.0386,0.0230,0.0690
sim_755,servidor_privado,test,0.0820,R²<0.30,1.0,false,639,0.1720,0.0840,0.0840,0.0840
sim_756,servidor_privado,train,0.0417,R²<0.30,1.0,false,616,0.1650,0.0219,0.0200,0.0260
sim_757,servidor_privado,train,0.0018,R²<0.30,1.0,false,1016,0.2980,0.1053,0.0520,0.1490
sim_758,servidor_privado,train,0.1996,R²<0.30,1.0,false,911,0.2630,0.0931,0.0360,0.1170
sim_759,servidor_privado,train,0.4335,"R²∈[0.30,0.70)",1.0,false,1012,0.2970,0.0921,0.0380,0.1480
sim_760,servidor_privado,test,0.1200,R²<0.30,1.0,false,909,0.2620,0.1070,0.1070,0.1070
sim_761,servidor_privado,test,0.1383,R²<0.30,1.0,false,676,0.1850,0.0496,0.0210,0.0920
sim_762,servidor_privado,val,0.2254,R²<0.30,1.0,false,586,0.1550,0.0322,0.0200,0.0400
sim_763,servidor_privado,train,0.0681,R²<0.30,1.0,false,691,0.1900,0.0200,0.0200,0.0200
sim_764,servidor_privado,train,0.0227,R²<0.30,1.0,false,629,0.1690,0.0500,0.0500,0.0500
sim_765,servidor_privado,train,0.5101,"R²∈[0.30,0.70)",1.0,false,892,0.2570,0.0322,0.0260,0.0450
sim_766,servidor_privado,train,0.0406,R²<0.30,1.0,false,993,0.2900,0.0483,0.0290,0.0860
sim_767,servidor_privado,test,0.0474,R²<0.30,1.0,false,912,0.2630,0.1130,0.1130,0.1130
sim_768,servidor_privado,train,0.0276,R²<0.30,1.0,false,884,0.2540,0.1016,0.0640,0.1270
sim_769,servidor_privado,train,0.4617,"R²∈[0.30,0.70)",1.0,false,628,0.1690,0.0294,0.0200,0.0480
sim_770,servidor_privado,train,0.3340,"R²∈[0.30,0.70)",1.0,false,742,0.2070,0.0400,0.0400,0.0400
sim_771,servidor_privado,val,0.5248,"R²∈[0.30,0.70)",1.0,false,873,0.2500,0.0674,0.0250,0.1090
sim_772,servidor_privado,train,0.5102,"R²∈[0.30,0.70)",1.0,false,581,0.1530,0.0720,0.0720,0.0720
sim_773,servidor_privado,val,0.5345,"R²∈[0.30,0.70)",1.0,false,889,0.2560,0.0742,0.0390,0.0840
sim_774,servidor_privado,test,0.2019,R²<0.30,1.0,false,757,0.2120,0.0300,0.0300,0.0300
sim_775,servidor_privado,train,0.0008,R²<0.30,1.0,false,948,0.2750,0.0590,0.0280,0.0900
sim_776,servidor_privado,train,0.4255,"R²∈[0.30,0.70)",1.0,false,780,0.2190,0.0940,0.0940,0.0940
sim_777,servidor_privado,train,0.0039,R²<0.30,1.0,false,922,0.2660,0.1310,0.1310,0.1310
sim_778,servidor_privado,train,0.2998,R²<0.30,1.0,false,1012,0.2970,0.0969,0.0420,0.1480
sim_779,servidor_privado,train,0.1159,R²<0.30,1.0,false,758,0.2120,0.0740,0.0740,0.0740
sim_780,servidor_privado,train,0.6277,"R²∈[0.30,0.70)",1.0,false,921,0.2660,0.0545,0.0270,0.1090
sim_781,servidor_privado,val,0.1497,R²<0.30,1.0,false,742,0.2070,0.0240,0.0240,0.0240
sim_782,servidor_privado,train,0.0005,R²<0.30,1.0,false,572,0.1500,0.0309,0.0200,0.0520
sim_783,servidor_privado,train,0.0227,R²<0.30,1.0,false,637,0.1720,0.0296,0.0200,0.0480
sim_784,servidor_privado,train,0.0624,R²<0.30,1.0,false,837,0.2380,0.0654,0.0240,0.1060
sim_785,servidor_privado,val,0.0384,R²<0.30,1.0,false,955,0.2780,0.0812,0.0320,0.1390
sim_786,servidor_privado,val,0.0567,R²<0.30,1.0,false,741,0.2060,0.1020,0.1020,0.1020
sim_787,servidor_privado,train,0.6654,"R²∈[0.30,0.70)",1.0,false,667,0.1820,0.0576,0.0210,0.0800
sim_788,servidor_privado,train,0.2531,R²<0.30,1.0,false,865,0.2480,0.0380,0.0380,0.0380
sim_789,servidor_privado,train,0.2334,R²<0.30,1.0,false,870,0.2490,0.0549,0.0250,0.1130
sim_790,servidor_privado,train,0.0631,R²<0.30,1.0,false,931,0.2700,0.0738,0.0290,0.1350
sim_791,servidor_privado,train,0.5854,"R²∈[0.30,0.70)",1.0,false,991,0.2890,0.0888,0.0290,0.1440
sim_792,servidor_privado,train,0.1192,R²<0.30,1.0,false,613,0.1640,0.0315,0.0200,0.0430
sim_793,servidor_privado,train,0.1731,R²<0.30,1.0,false,640,0.1730,0.0588,0.0280,0.0860
sim_794,servidor_privado,val,0.2658,R²<0.30,1.0,false,1015,0.2980,0.0320,0.0320,0.0320
sim_795,servidor_privado,train,0.1332,R²<0.30,1.0,false,685,0.1880,0.0298,0.0200,0.0490
sim_796,servidor_privado,train,0.0032,R²<0.30,1.0,false,828,0.2350,0.0870,0.0870,0.0870
sim_797,servidor_privado,train,0.5801,"R²∈[0.30,0.70)",1.0,false,924,0.2670,0.0563,0.0270,0.1140
sim_798,servidor_privado,train,0.1005,R²<0.30,1.0,false,704,0.1940,0.0800,0.0800,0.0800
sim_799,servidor_privado,train,0.0600,R²<0.30,1.0,false,640,0.1730,0.0280,0.0200,0.0360
sim_800,servidor_privado,train,0.0122,R²<0.30,1.0,false,841,0.2400,0.0324,0.0240,0.0410
sim_801,servidor_privado,train,0.0400,R²<0.30,1.0,false,994,0.2900,0.0825,0.0290,0.1350
sim_802,servidor_privado,train,0.8228,"R²∈[0.70,0.85)",10.0,false,754,0.2110,0.0627,0.0300,0.0960
sim_803,servidor_privado,train,0.3249,"R²∈[0.30,0.70)",1.0,false,809,0.2290,0.0770,0.0770,0.0770
sim_804,servidor_privado,val,0.0039,R²<0.30,1.0,false,920,0.2660,0.0366,0.0270,0.0560
sim_805,servidor_privado,val,0.7544,"R²∈[0.70,0.85)",10.0,false,671,0.1830,0.0500,0.0200,0.0790
sim_806,servidor_privado,train,0.0536,R²<0.30,1.0,false,772,0.2170,0.0230,0.0230,0.0230
sim_807,servidor_privado,train,0.7135,"R²∈[0.70,0.85)",10.0,false,653,0.1770,0.0506,0.0200,0.0880
sim_808,servidor_privado,train,0.0057,R²<0.30,1.0,false,610,0.1630,0.0330,0.0330,0.0330
sim_809,servidor_privado,train,0.1718,R²<0.30,1.0,false,841,0.2400,0.0343,0.0240,0.0440
sim_810,servidor_privado,train,0.2322,R²<0.30,1.0,false,646,0.1750,0.0305,0.0200,0.0490
sim_811,servidor_privado,test,0.6118,"R²∈[0.30,0.70)",1.0,false,592,0.1570,0.0350,0.0350,0.0350
sim_812,servidor_privado,test,0.7353,"R²∈[0.70,0.85)",10.0,false,862,0.2470,0.0566,0.0250,0.0900
sim_813,servidor_privado,test,0.0010,R²<0.30,1.0,false,812,0.2300,0.0910,0.0560,0.1150
sim_814,servidor_privado,train,0.1613,R²<0.30,1.0,false,889,0.2560,0.0846,0.0370,0.1280
sim_815,servidor_privado,train,0.1303,R²<0.30,1.0,false,925,0.2680,0.0720,0.0280,0.1340
sim_816,servidor_privado,test,0.0197,R²<0.30,1.0,false,629,0.1690,0.0820,0.0820,0.0820
sim_817,servidor_privado,train,0.1022,R²<0.30,1.0,false,710,0.1960,0.0386,0.0200,0.0570
sim_818,servidor_privado,train,0.0730,R²<0.30,1.0,false,987,0.2880,0.0582,0.0290,0.0870
sim_819,servidor_privado,train,0.0814,R²<0.30,1.0,false,895,0.2580,0.0260,0.0260,0.0260
sim_820,servidor_privado,train,0.6712,"R²∈[0.30,0.70)",1.0,false,992,0.2900,0.1184,0.0780,0.1450
sim_821,servidor_privado,test,0.0188,R²<0.30,1.0,false,841,0.2400,0.0273,0.0240,0.0340
sim_822,servidor_privado,train,0.8291,"R²∈[0.70,0.85)",10.0,false,663,0.1800,0.0560,0.0200,0.0900
sim_823,servidor_privado,train,0.0997,R²<0.30,1.0,false,985,0.2880,0.0872,0.0290,0.1440
sim_824,servidor_privado,train,0.0465,R²<0.30,1.0,false,1011,0.2960,0.1160,0.1160,0.1160
sim_825,servidor_privado,train,0.1619,R²<0.30,1.0,false,667,0.1820,0.0552,0.0200,0.0910
sim_826,servidor_privado,train,0.2341,R²<0.30,1.0,false,900,0.2590,0.0775,0.0260,0.1290
sim_827,servidor_privado,val,0.0282,R²<0.30,1.0,false,959,0.2790,0.0416,0.0280,0.0550
sim_828,servidor_privado,train,0.2775,R²<0.30,1.0,false,580,0.1530,0.0243,0.0200,0.0330
sim_829,servidor_privado,test,0.0004,R²<0.30,1.0,false,622,0.1670,0.0310,0.0310,0.0310
sim_830,servidor_privado,train,0.1228,R²<0.30,1.0,false,793,0.2240,0.0625,0.0240,0.1120
sim_831,servidor_privado,train,0.8692,R²≥0.85,20.0,false,719,0.1990,0.0604,0.0200,0.0990
sim_832,servidor_privado,test,0.1685,R²<0.30,1.0,false,751,0.2100,0.0795,0.0450,0.1050
sim_833,servidor_privado,val,0.3068,"R²∈[0.30,0.70)",1.0,false,857,0.2450,0.0722,0.0250,0.1220
sim_834,servidor_privado,test,0.6174,"R²∈[0.30,0.70)",1.0,false,580,0.1530,0.0506,0.0250,0.0760
sim_835,servidor_privado,train,0.0697,R²<0.30,1.0,false,895,0.2580,0.0898,0.0430,0.1290
sim_836,servidor_privado,test,0.3761,"R²∈[0.30,0.70)",1.0,false,707,0.1950,0.0486,0.0200,0.0770
sim_837,servidor_privado,val,0.1117,R²<0.30,1.0,false,625,0.1680,0.0607,0.0320,0.0840
sim_838,servidor_privado,test,0.0676,R²<0.30,1.0,false,799,0.2260,0.0277,0.0230,0.0330
sim_839,servidor_privado,train,0.3076,"R²∈[0.30,0.70)",1.0,false,589,0.1560,0.0649,0.0450,0.0780
sim_840,servidor_privado,train,0.0345,R²<0.30,1.0,false,619,0.1660,0.0514,0.0200,0.0830
sim_841,servidor_privado,train,0.2694,R²<0.30,1.0,false,584,0.1540,0.0472,0.0200,0.0770
sim_842,servidor_privado,train,0.5704,"R²∈[0.30,0.70)",1.0,false,925,0.2680,0.0906,0.0410,0.1340
sim_843,servidor_privado,train,0.3768,"R²∈[0.30,0.70)",1.0,false,949,0.2760,0.0836,0.0340,0.1380
sim_844,servidor_privado,train,0.7369,"R²∈[0.70,0.85)",10.0,false,990,0.2890,0.0850,0.0290,0.1440
sim_845,servidor_privado,train,0.1332,R²<0.30,1.0,false,682,0.1870,0.0206,0.0200,0.0210
sim_846,servidor_privado,test,0.3329,"R²∈[0.30,0.70)",1.0,false,801,0.2260,0.0688,0.0230,0.1130
sim_847,servidor_privado,train,0.0005,R²<0.30,1.0,false,1022,0.3000,0.1104,0.0590,0.1500
sim_848,servidor_privado,val,0.0200,R²<0.30,1.0,false,871,0.2500,0.0293,0.0250,0.0380
sim_849,servidor_privado,train,0.0611,R²<0.30,1.0,false,961,0.2790,0.0808,0.0280,0.1330
sim_850,servidor_privado,test,0.4749,"R²∈[0.30,0.70)",1.0,false,712,0.1970,0.0719,0.0380,0.0980
sim_851,servidor_privado,train,0.5662,"R²∈[0.30,0.70)",1.0,false,985,0.2880,0.0844,0.0330,0.1440
sim_852,servidor_privado,test,0.0049,R²<0.30,1.0,false,917,0.2650,0.0400,0.0270,0.0530
sim_853,servidor_privado,train,0.3322,"R²∈[0.30,0.70)",1.0,false,802,0.2270,0.0291,0.0230,0.0410
sim_854,servidor_privado,train,0.1796,R²<0.30,1.0,false,583,0.1540,0.0554,0.0300,0.0770
sim_855,servidor_privado,train,0.4338,"R²∈[0.30,0.70)",1.0,false,830,0.2360,0.1017,0.0590,0.1080
sim_856,servidor_privado,test,0.0047,R²<0.30,1.0,false,880,0.2530,0.0828,0.0360,0.1260
sim_857,servidor_privado,val,0.2393,R²<0.30,1.0,false,664,0.1810,0.0602,0.0320,0.0680
sim_858,servidor_privado,train,0.0881,R²<0.30,1.0,false,1009,0.2950,0.1450,0.1450,0.1450
sim_859,servidor_privado,test,0.5264,"R²∈[0.30,0.70)",1.0,false,995,0.2910,0.1217,0.0630,0.1410
sim_860,servidor_privado,train,0.0042,R²<0.30,1.0,false,921,0.2660,0.0601,0.0270,0.0930
sim_861,servidor_privado,test,0.2620,R²<0.30,1.0,false,712,0.1970,0.0785,0.0250,0.0960
sim_862,servidor_privado,train,0.1294,R²<0.30,1.0,false,1010,0.2960,0.1188,0.0760,0.1480
sim_863,servidor_privado,test,0.0088,R²<0.30,1.0,false,1011,0.2960,0.0890,0.0890,0.0890
sim_864,servidor_privado,train,0.5617,"R²∈[0.30,0.70)",1.0,false,746,0.2080,0.0710,0.0710,0.0710
sim_865,servidor_privado,train,0.1955,R²<0.30,1.0,false,795,0.2240,0.1050,0.1050,0.1050
sim_866,servidor_privado,train,0.1260,R²<0.30,1.0,false,643,0.1740,0.0685,0.0420,0.0870
sim_867,servidor_privado,train,0.0046,R²<0.30,1.0,false,662,0.1800,0.0363,0.0200,0.0680
sim_868,servidor_privado,test,0.0629,R²<0.30,1.0,false,656,0.1780,0.0562,0.0200,0.0890
sim_869,servidor_privado,train,0.8985,R²≥0.85,20.0,false,715,0.1980,0.0547,0.0310,0.0810
sim_870,servidor_privado,test,0.0544,R²<0.30,1.0,false,818,0.2320,0.0763,0.0420,0.1060
sim_871,servidor_privado,train,0.0766,R²<0.30,1.0,false,938,0.2720,0.0986,0.0510,0.1360
sim_872,servidor_privado,train,0.7198,"R²∈[0.70,0.85)",10.0,false,776,0.2180,0.0644,0.0220,0.1090
sim_873,servidor_privado,val,0.4567,"R²∈[0.30,0.70)",1.0,false,1013,0.2970,0.0415,0.0300,0.0640
sim_874,servidor_privado,train,0.1451,R²<0.30,1.0,false,599,0.1590,0.0325,0.0200,0.0570
sim_875,servidor_privado,train,0.0048,R²<0.30,1.0,false,979,0.2860,0.0290,0.0290,0.0290
sim_876,servidor_privado,val,0.5536,"R²∈[0.30,0.70)",1.0,false,703,0.1940,0.0591,0.0240,0.0970
sim_877,servidor_privado,val,0.0364,R²<0.30,1.0,false,682,0.1870,0.0269,0.0200,0.0340
sim_878,servidor_privado,train,0.5876,"R²∈[0.30,0.70)",1.0,false,766,0.2150,0.0505,0.0250,0.0640
sim_879,servidor_privado,test,0.6958,"R²∈[0.30,0.70)",1.0,false,635,0.1710,0.0546,0.0200,0.0850
sim_880,servidor_privado,train,0.1144,R²<0.30,1.0,false,979,0.2860,0.0317,0.0290,0.0350
sim_881,servidor_privado,test,0.0531,R²<0.30,1.0,false,742,0.2070,0.0225,0.0210,0.0260
sim_882,servidor_privado,train,0.4422,"R²∈[0.30,0.70)",1.0,false,853,0.2440,0.0350,0.0350,0.0350
sim_883,servidor_privado,val,0.1814,R²<0.30,1.0,false,766,0.2150,0.0643,0.0220,0.1070
sim_884,servidor_privado,train,0.1672,R²<0.30,1.0,false,655,0.1780,0.0298,0.0200,0.0390
sim_885,servidor_privado,train,0.2647,R²<0.30,1.0,false,683,0.1870,0.0403,0.0200,0.0800
sim_886,servidor_privado,train,0.1046,R²<0.30,1.0,false,602,0.1600,0.0439,0.0200,0.0670
sim_887,servidor_privado,train,0.5090,"R²∈[0.30,0.70)",1.0,false,937,0.2720,0.0782,0.0310,0.1360
sim_888,servidor_privado,train,0.7965,"R²∈[0.70,0.85)",10.0,false,839,0.2390,0.0748,0.0240,0.1190
sim_889,servidor_privado,val,0.0085,R²<0.30,1.0,false,622,0.1670,0.0330,0.0330,0.0330
sim_890,servidor_privado,test,0.0084,R²<0.30,1.0,false,601,0.1600,0.0450,0.0450,0.0450
sim_891,servidor_privado,train,0.4837,"R²∈[0.30,0.70)",1.0,false,862,0.2470,0.0292,0.0250,0.0380
sim_892,servidor_privado,train,0.0053,R²<0.30,1.0,false,769,0.2160,0.0638,0.0250,0.1080
sim_893,servidor_privado,train,0.0576,R²<0.30,1.0,false,712,0.1970,0.0470,0.0470,0.0470
sim_894,servidor_privado,train,0.8513,R²≥0.85,20.0,false,866,0.2480,0.0744,0.0250,0.1240
sim_895,servidor_privado,test,0.0765,R²<0.30,1.0,false,823,0.2340,0.0480,0.0480,0.0480
sim_896,servidor_privado,train,0.0454,R²<0.30,1.0,false,712,0.1970,0.0671,0.0210,0.0980
sim_897,servidor_privado,train,0.2878,R²<0.30,1.0,false,892,0.2570,0.0423,0.0280,0.0630
sim_898,servidor_privado,train,0.0301,R²<0.30,1.0,false,833,0.2370,0.0425,0.0240,0.0790
sim_899,servidor_privado,test,0.0081,R²<0.30,1.0,false,927,0.2680,0.0462,0.0270,0.0840
sim_900,servidor_privado,train,0.0368,R²<0.30,1.0,false,968,0.2820,0.0540,0.0540,0.0540
sim_901,servidor_privado,val,0.1372,R²<0.30,1.0,false,707,0.1950,0.0411,0.0200,0.0620
sim_902,servidor_privado,val,0.1684,R²<0.30,1.0,false,713,0.1970,0.0600,0.0200,0.0980
sim_903,servidor_privado,train,0.0216,R²<0.30,1.0,false,982,0.2860,0.1340,0.1340,0.1340
sim_904,servidor_privado,train,0.3265,"R²∈[0.30,0.70)",1.0,false,619,0.1660,0.0206,0.0200,0.0210
sim_905,servidor_privado,train,0.1708,R²<0.30,1.0,false,888,0.2550,0.0481,0.0260,0.0920
sim_906,servidor_privado,train,0.0073,R²<0.30,1.0,false,739,0.2060,0.0609,0.0210,0.1030
sim_907,servidor_privado,train,0.5063,"R²∈[0.30,0.70)",1.0,false,907,0.2620,0.0728,0.0270,0.1030
sim_908,servidor_privado,test,0.0207,R²<0.30,1.0,false,904,0.2610,0.0693,0.0270,0.1300
sim_909,servidor_privado,train,0.0680,R²<0.30,1.0,false,744,0.2070,0.0619,0.0210,0.1030
sim_910,servidor_privado,test,0.3134,"R²∈[0.30,0.70)",1.0,false,910,0.2630,0.0656,0.0350,0.0750
sim_911,servidor_privado,train,0.0303,R²<0.30,1.0,false,775,0.2180,0.0240,0.0220,0.0280
sim_912,servidor_privado,test,0.2629,R²<0.30,1.0,false,923,0.2670,0.0824,0.0440,0.0940
sim_913,servidor_privado,train,0.3227,"R²∈[0.30,0.70)",1.0,false,973,0.2840,0.0746,0.0300,0.1420
sim_914,servidor_privado,train,0.4490,"R²∈[0.30,0.70)",1.0,false,979,0.2860,0.0976,0.0450,0.1430
sim_915,servidor_privado,train,0.0364,R²<0.30,1.0,false,935,0.2710,0.0844,0.0490,0.0890
sim_916,servidor_privado,train,0.1948,R²<0.30,1.0,false,581,0.1530,0.0322,0.0200,0.0560
sim_917,servidor_privado,test,0.5878,"R²∈[0.30,0.70)",1.0,false,919,0.2650,0.0800,0.0270,0.1320
sim_918,servidor_privado,test,0.1114,R²<0.30,1.0,false,661,0.1800,0.0606,0.0210,0.0780
sim_919,servidor_privado,train,0.3876,"R²∈[0.30,0.70)",1.0,false,629,0.1690,0.0530,0.0200,0.0840
sim_920,servidor_privado,train,0.0026,R²<0.30,1.0,false,670,0.1830,0.0250,0.0250,0.0250
sim_921,servidor_privado,train,0.1113,R²<0.30,1.0,false,664,0.1810,0.0680,0.0430,0.0900
sim_922,servidor_privado,train,0.7361,"R²∈[0.70,0.85)",10.0,false,700,0.1930,0.0378,0.0200,0.0650
sim_923,servidor_privado,train,0.6325,"R²∈[0.30,0.70)",1.0,false,794,0.2240,0.0830,0.0830,0.0830
sim_924,servidor_privado,train,0.1242,R²<0.30,1.0,false,972,0.2830,0.0880,0.0880,0.0880
sim_925,servidor_privado,train,0.0309,R²<0.30,1.0,false,769,0.2160,0.0550,0.0220,0.1080
sim_926,servidor_privado,train,0.6735,"R²∈[0.30,0.70)",1.0,false,922,0.2670,0.0800,0.0270,0.1330
sim_927,servidor_privado,test,0.5827,"R²∈[0.30,0.70)",1.0,false,808,0.2290,0.0319,0.0230,0.0410
sim_928,servidor_privado,val,0.0018,R²<0.30,1.0,false,952,0.2760,0.0749,0.0280,0.1210
sim_929,servidor_privado,train,0.0838,R²<0.30,1.0,false,941,0.2730,0.1022,0.0560,0.1360
sim_930,servidor_privado,train,0.0004,R²<0.30,1.0,false,844,0.2410,0.0683,0.0270,0.1200
sim_931,servidor_privado,train,0.1950,R²<0.30,1.0,false,827,0.2350,0.0411,0.0240,0.0580
sim_932,servidor_privado,train,0.4324,"R²∈[0.30,0.70)",1.0,false,775,0.2180,0.0619,0.0220,0.0900
sim_933,servidor_privado,train,0.0019,R²<0.30,1.0,false,674,0.1840,0.0326,0.0200,0.0570
sim_934,servidor_privado,val,0.6481,"R²∈[0.30,0.70)",1.0,false,889,0.2560,0.0929,0.0480,0.1280
sim_935,servidor_privado,train,0.0683,R²<0.30,1.0,false,838,0.2390,0.0474,0.0280,0.0490
sim_936,servidor_privado,test,0.4110,"R²∈[0.30,0.70)",1.0,false,956,0.2780,0.0828,0.0350,0.1090
sim_937,servidor_privado,train,0.0278,R²<0.30,1.0,false,924,0.2670,0.0517,0.0270,0.1000
sim_938,servidor_privado,train,0.8203,"R²∈[0.70,0.85)",10.0,false,640,0.1730,0.0580,0.0220,0.0720
sim_939,servidor_privado,train,0.0208,R²<0.30,1.0,false,964,0.2800,0.1290,0.1290,0.1290
sim_940,servidor_privado,test,0.1614,R²<0.30,1.0,false,653,0.1770,0.0304,0.0200,0.0510
sim_941,servidor_privado,train,0.1569,R²<0.30,1.0,false,791,0.2230,0.0672,0.0350,0.1100
sim_942,servidor_privado,test,0.2215,R²<0.30,1.0,false,778,0.2190,0.0332,0.0220,0.0440
sim_943,servidor_privado,train,0.0018,R²<0.30,1.0,false,872,0.2500,0.0530,0.0530,0.0530
sim_944,servidor_privado,train,0.3023,"R²∈[0.30,0.70)",1.0,false,756,0.2110,0.0621,0.0220,0.1050
sim_945,servidor_privado,train,0.0941,R²<0.30,1.0,false,884,0.2540,0.0833,0.0510,0.1130
sim_946,servidor_privado,test,0.1759,R²<0.30,1.0,false,746,0.2080,0.0624,0.0210,0.1040
sim_947,servidor_privado,train,0.0514,R²<0.30,1.0,false,816,0.2310,0.1150,0.1150,0.1150
sim_948,servidor_privado,train,0.0166,R²<0.30,1.0,false,853,0.2440,0.0865,0.0430,0.1220
sim_949,servidor_privado,test,0.1933,R²<0.30,1.0,false,583,0.1540,0.0295,0.0200,0.0390
sim_950,servidor_privado,train,0.0289,R²<0.30,1.0,false,758,0.2120,0.0840,0.0520,0.1060
sim_951,servidor_privado,train,0.2529,R²<0.30,1.0,false,593,0.1570,0.0580,0.0580,0.0580
sim_952,servidor_privado,train,0.4761,"R²∈[0.30,0.70)",1.0,false,655,0.1780,0.0217,0.0200,0.0250
sim_953,servidor_privado,train,0.0700,R²<0.30,1.0,false,888,0.2550,0.0461,0.0260,0.0860
sim_954,servidor_privado,train,0.3112,"R²∈[0.30,0.70)",1.0,false,801,0.2260,0.0552,0.0230,0.0870
sim_955,servidor_privado,train,0.0693,R²<0.30,1.0,false,616,0.1650,0.0491,0.0200,0.0820
sim_956,servidor_privado,train,0.0031,R²<0.30,1.0,false,886,0.2550,0.0271,0.0260,0.0300
sim_957,servidor_privado,train,0.0057,R²<0.30,1.0,false,991,0.2900,0.0364,0.0290,0.0440
sim_958,servidor_privado,train,0.6161,"R²∈[0.30,0.70)",1.0,false,796,0.2250,0.0758,0.0400,0.0950
sim_959,servidor_privado,val,0.4138,"R²∈[0.30,0.70)",1.0,false,638,0.1720,0.0539,0.0200,0.0860
sim_960,servidor_privado,train,0.0547,R²<0.30,1.0,false,843,0.2400,0.0860,0.0860,0.0860
sim_961,servidor_privado,val,0.2282,R²<0.30,1.0,false,889,0.2550,0.0778,0.0260,0.1270
sim_962,servidor_privado,train,0.2798,R²<0.30,1.0,false,665,0.1810,0.0473,0.0200,0.0740
sim_963,servidor_privado,train,0.0448,R²<0.30,1.0,false,699,0.1920,0.0593,0.0200,0.0960
sim_964,servidor_privado,train,0.1545,R²<0.30,1.0,false,575,0.1510,0.0385,0.0200,0.0740
sim_965,servidor_privado,test,0.0514,R²<0.30,1.0,false,742,0.2070,0.0266,0.0210,0.0320
sim_966,servidor_privado,test,0.0431,R²<0.30,1.0,false,768,0.2150,0.1000,0.1000,0.1000
sim_967,servidor_privado,val,0.0696,R²<0.30,1.0,false,866,0.2480,0.0465,0.0250,0.0680
sim_968,servidor_privado,train,0.0240,R²<0.30,1.0,false,911,0.2630,0.0830,0.0830,0.0830
sim_969,servidor_privado,train,0.0076,R²<0.30,1.0,false,884,0.2540,0.0590,0.0590,0.0590
sim_970,servidor_privado,train,0.7414,"R²∈[0.70,0.85)",10.0,false,643,0.1740,0.0517,0.0210,0.0630
sim_971,servidor_privado,val,0.1437,R²<0.30,1.0,false,707,0.1950,0.0384,0.0200,0.0740
sim_972,servidor_privado,train,0.1282,R²<0.30,1.0,false,758,0.2120,0.1018,0.0610,0.1050
sim_973,servidor_privado,train,0.2497,R²<0.30,1.0,false,677,0.1850,0.0640,0.0640,0.0640
sim_974,servidor_privado,train,0.5854,"R²∈[0.30,0.70)",1.0,false,869,0.2490,0.0748,0.0250,0.1240
sim_975,servidor_privado,val,0.2415,R²<0.30,1.0,false,809,0.2290,0.0590,0.0590,0.0590
sim_976,servidor_privado,train,0.2582,R²<0.30,1.0,false,677,0.1850,0.0690,0.0690,0.0690
sim_977,servidor_privado,train,0.2686,R²<0.30,1.0,false,596,0.1580,0.0730,0.0730,0.0730
sim_978,servidor_privado,train,0.4216,"R²∈[0.30,0.70)",1.0,false,976,0.2850,0.0948,0.0420,0.1420
sim_979,servidor_privado,train,0.2467,R²<0.30,1.0,false,937,0.2720,0.0964,0.0480,0.1360
sim_980,servidor_privado,train,0.0861,R²<0.30,1.0,false,707,0.1950,0.0510,0.0510,0.0510
sim_981,servidor_privado,train,0.1912,R²<0.30,1.0,false,950,0.2760,0.0393,0.0280,0.0510
sim_982,servidor_privado,val,0.5605,"R²∈[0.30,0.70)",1.0,false,922,0.2660,0.0817,0.0270,0.1330
sim_983,servidor_privado,val,0.7303,"R²∈[0.70,0.85)",10.0,false,908,0.2620,0.0696,0.0330,0.1220
sim_984,servidor_privado,train,0.6279,"R²∈[0.30,0.70)",1.0,false,944,0.2740,0.1028,0.0600,0.1270
sim_985,servidor_privado,train,0.0392,R²<0.30,1.0,false,809,0.2290,0.0770,0.0320,0.1110
sim_986,servidor_privado,test,0.0655,R²<0.30,1.0,false,640,0.1730,0.0569,0.0260,0.0860
sim_987,servidor_privado,test,0.4146,"R²∈[0.30,0.70)",1.0,false,1012,0.2960,0.0875,0.0300,0.1440
sim_988,servidor_privado,train,0.5836,"R²∈[0.30,0.70)",1.0,false,921,0.2660,0.0794,0.0270,0.1330
sim_989,servidor_privado,train,0.0030,R²<0.30,1.0,false,1022,0.3000,0.0650,0.0650,0.0650
sim_990,servidor_privado,test,0.0480,R²<0.30,1.0,false,840,0.2390,0.0469,0.0240,0.0920
sim_991,servidor_privado,val,0.0053,R²<0.30,1.0,false,766,0.2150,0.0440,0.0440,0.0440
sim_992,servidor_privado,test,0.2786,R²<0.30,1.0,false,577,0.1520,0.0328,0.0230,0.0390
sim_993,servidor_privado,train,0.2704,R²<0.30,1.0,false,716,0.1980,0.0750,0.0750,0.0750
sim_994,servidor_privado,train,0.0095,R²<0.30,1.0,false,914,0.2640,0.1027,0.0610,0.1320
sim_995,servidor_privado,train,0.6193,"R²∈[0.30,0.70)",1.0,false,951,0.2760,0.0656,0.0280,0.1030
sim_996,servidor_privado,train,0.0003,R²<0.30,1.0,false,914,0.2640,0.0630,0.0630,0.0630
sim_997,servidor_privado,train,0.2102,R²<0.30,1.0,false,865,0.2480,0.0857,0.0410,0.1240
sim_998,servidor_privado,val,0.1572,R²<0.30,1.0,false,742,0.2070,0.0679,0.0300,0.0830
sim_999,servidor_privado,train,0.0533,R²<0.30,1.0,false,848,0.2420,0.0969,0.0610,0.1210
al_c01_001,active_loop_al,train,0.6692,"R²∈[0.30,0.70)",1.0,false,577,0.1517,0.0504,0.0207,0.0754
al_c01_002,active_loop_al,train,0.1518,R²<0.30,1.0,false,577,0.1517,0.0500,0.0204,0.0753
al_c01_003,active_loop_al,train,0.5248,"R²∈[0.30,0.70)",1.0,false,579,0.1524,0.0494,0.0209,0.0758
al_c01_004,active_loop_al,test,0.1534,R²<0.30,1.0,false,576,0.1513,0.0486,0.0209,0.0743
al_c01_005,active_loop_al,train,0.7486,"R²∈[0.70,0.85)",10.0,false,576,0.1517,0.0472,0.0207,0.0747
al_c01_006,active_loop_al,train,0.2974,R²<0.30,1.0,false,988,0.2888,0.0877,0.0317,0.1442
al_c01_007,active_loop_al,test,0.0089,R²<0.30,1.0,false,591,0.1567,0.0505,0.0205,0.0776
al_c01_008,active_loop_al,train,0.2820,R²<0.30,1.0,false,945,0.2741,0.0856,0.0281,0.1365
al_c01_009,active_loop_al,train,0.1060,R²<0.30,1.0,false,1021,0.2996,0.0872,0.0300,0.1485
al_c01_010,active_loop_al,test,0.3352,"R²∈[0.30,0.70)",1.0,false,897,0.2583,0.0760,0.0260,0.1285
al_c02_001,active_loop_al,train,0.3238,"R²∈[0.30,0.70)",1.0,false,1019,0.2992,0.0936,0.0324,0.1480
al_c02_002,active_loop_al,train,0.6428,"R²∈[0.30,0.70)",1.0,false,1006,0.2945,0.0889,0.0310,0.1450
al_c02_003,active_loop_al,train,0.4484,"R²∈[0.30,0.70)",1.0,false,1004,0.2942,0.0877,0.0297,0.1469
al_c02_004,active_loop_al,train,0.3818,"R²∈[0.30,0.70)",1.0,false,586,0.1551,0.0531,0.0219,0.0770
al_c02_005,active_loop_al,val,0.2947,R²<0.30,1.0,false,826,0.2350,0.0737,0.0248,0.1173
al_c02_006,active_loop_al,val,0.3326,"R²∈[0.30,0.70)",1.0,false,1012,0.2962,0.0947,0.0297,0.1478
al_c02_007,active_loop_al,train,0.2560,R²<0.30,1.0,false,985,0.2876,0.0880,0.0300,0.1416
al_c02_008,active_loop_al,train,0.1511,R²<0.30,1.0,false,978,0.2854,0.0874,0.0286,0.1410
al_c02_009,active_loop_al,train,0.6816,"R²∈[0.30,0.70)",1.0,false,1012,0.2966,0.0905,0.0301,0.1477
al_c02_010,active_loop_al,train,0.3620,"R²∈[0.30,0.70)",1.0,false,1021,0.2992,0.0854,0.0346,0.1477
al_c03_001,active_loop_al,train,0.4851,"R²∈[0.30,0.70)",1.0,false,1011,0.2961,0.0902,0.0313,0.1479
al_c03_002,active_loop_al,test,0.2645,R²<0.30,1.0,false,747,0.2083,0.0578,0.0210,0.1036
al_c03_003,active_loop_al,train,0.0588,R²<0.30,1.0,false,597,0.1586,0.0502,0.0213,0.0783
al_c03_004,active_loop_al,train,0.7778,"R²∈[0.70,0.85)",10.0,false,869,0.2488,0.0701,0.0249,0.1226
al_c03_005,active_loop_al,val,0.3637,"R²∈[0.30,0.70)",1.0,false,940,0.2726,0.0873,0.0280,0.1357
al_c03_006,active_loop_al,train,0.8197,"R²∈[0.70,0.85)",10.0,false,1018,0.2982,0.0904,0.0302,0.1470
al_c03_007,active_loop_al,train,0.0363,R²<0.30,1.0,false,897,0.2583,0.0768,0.0265,0.1280
al_c03_008,active_loop_al,test,0.4134,"R²∈[0.30,0.70)",1.0,false,1015,0.2971,0.0843,0.0313,0.1478
al_c03_009,active_loop_al,test,0.0710,R²<0.30,1.0,false,585,0.1545,0.0494,0.0206,0.0767
al_c03_010,active_loop_al,train,0.0240,R²<0.30,1.0,false,914,0.2642,0.0735,0.0264,0.1309
al_c04_001,active_loop_al,train,0.5588,"R²∈[0.30,0.70)",1.0,false,932,0.2697,0.0814,0.0282,0.1349
al_c04_002,active_loop_al,train,0.7618,"R²∈[0.70,0.85)",10.0,false,579,0.1525,0.0458,0.0208,0.0762
al_c04_003,active_loop_al,val,0.3664,"R²∈[0.30,0.70)",1.0,false,886,0.2543,0.0802,0.0278,0.1271
al_c04_004,active_loop_al,train,0.4525,"R²∈[0.30,0.70)",1.0,false,952,0.2768,0.0839,0.0278,0.1378
al_c04_005,active_loop_al,train,0.4967,"R²∈[0.30,0.70)",1.0,false,918,0.2654,0.0800,0.0288,0.1311
al_c04_006,active_loop_al,train,0.0349,R²<0.30,1.0,false,678,0.1855,0.0553,0.0204,0.0920
al_c04_007,active_loop_al,train,0.4157,"R²∈[0.30,0.70)",1.0,false,1016,0.2981,0.0865,0.0309,0.1490
al_c04_008,active_loop_al,train,0.7823,"R²∈[0.70,0.85)",10.0,false,974,0.2837,0.0782,0.0284,0.1362
al_c04_009,active_loop_al,train,0.2272,R²<0.30,1.0,false,905,0.2612,0.0788,0.0279,0.1305
al_c04_010,active_loop_al,train,0.6770,"R²∈[0.30,0.70)",1.0,false,572,0.1502,0.0477,0.0204,0.0750
al_c05_001,active_loop_al,train,0.1677,R²<0.30,1.0,false,576,0.1515,0.0473,0.0203,0.0757
al_c05_002,active_loop_al,train,0.8102,"R²∈[0.70,0.85)",10.0,false,1021,0.2991,0.0885,0.0315,0.1489
al_c05_003,active_loop_al,train,0.0061,R²<0.30,1.0,false,575,0.1515,0.0469,0.0208,0.0750
al_c05_004,active_loop_al,test,0.8873,R²≥0.85,20.0,false,576,0.1516,0.0480,0.0200,0.0754
al_c05_005,active_loop_al,train,0.7803,"R²∈[0.70,0.85)",10.0,false,1011,0.2960,0.0928,0.0306,0.1480
al_c05_006,active_loop_al,train,0.4944,"R²∈[0.30,0.70)",1.0,false,657,0.1784,0.0572,0.0205,0.0888
al_c05_007,active_loop_al,test,0.0686,R²<0.30,1.0,false,913,0.2637,0.0752,0.0271,0.1307
al_c05_008,active_loop_al,train,0.0544,R²<0.30,1.0,false,586,0.1546,0.0459,0.0204,0.0762
al_c05_009,active_loop_al,train,0.1592,R²<0.30,1.0,false,763,0.2138,0.0636,0.0216,0.1059
al_c05_010,active_loop_al,val,0.2106,R²<0.30,1.0,false,589,0.1559,0.0468,0.0205,0.0776
al_c06_001,active_loop_al,train,0.0793,R²<0.30,1.0,false,580,0.1529,0.0509,0.0206,0.0756
al_c06_002,active_loop_al,train,0.1700,R²<0.30,1.0,false,705,0.1945,0.0620,0.0203,0.0970
al_c06_003,active_loop_al,train,0.5778,"R²∈[0.30,0.70)",1.0,false,1022,0.2999,0.0894,0.0302,0.1498
al_c06_004,active_loop_al,train,0.4445,"R²∈[0.30,0.70)",1.0,false,1005,0.2943,0.0929,0.0303,0.1469
al_c06_005,active_loop_al,train,0.6379,"R²∈[0.30,0.70)",1.0,false,579,0.1527,0.0462,0.0205,0.0762
al_c06_006,active_loop_al,train,0.2654,R²<0.30,1.0,false,1016,0.2976,0.0853,0.0305,0.1482
al_c06_007,active_loop_al,train,0.3373,"R²∈[0.30,0.70)",1.0,false,606,0.1617,0.0510,0.0207,0.0798
al_c06_008,active_loop_al,val,0.3840,"R²∈[0.30,0.70)",1.0,false,755,0.2106,0.0656,0.0217,0.1049
al_c06_009,active_loop_al,train,0.4044,"R²∈[0.30,0.70)",1.0,false,1020,0.2988,0.0900,0.0313,0.1487
al_c06_010,active_loop_al,train,0.1939,R²<0.30,1.0,false,899,0.2587,0.0761,0.0261,0.1293
ga_c01_01,active_loop_ga,test,0.2602,R²<0.30,1.0,false,1018,0.2990,0.0840,0.0299,0.1495
ga_c01_02,active_loop_ga,train,0.2570,R²<0.30,1.0,false,1021,0.3000,0.0725,0.0300,0.1434
ga_c01_03,active_loop_ga,val,0.7052,"R²∈[0.70,0.85)",10.0,false,1018,0.2990,0.0869,0.0299,0.1495
ga_c01_04,active_loop_ga,train,0.7023,"R²∈[0.70,0.85)",10.0,false,1018,0.2990,0.0871,0.0299,0.1481
ga_c01_05,active_loop_ga,train,0.7680,"R²∈[0.70,0.85)",10.0,false,1018,0.2990,0.0822,0.0299,0.1481
ga_c02_01,active_loop_ga,train,0.2053,R²<0.30,1.0,false,983,0.2874,0.0771,0.0287,0.1437
ga_c02_02,active_loop_ga,train,0.0978,R²<0.30,1.0,false,983,0.2874,0.0759,0.0287,0.1380
ga_c02_03,active_loop_ga,train,0.5480,"R²∈[0.30,0.70)",1.0,false,982,0.2870,0.0728,0.0287,0.1373
ga_c02_04,active_loop_ga,train,0.1624,R²<0.30,1.0,false,985,0.2874,0.0801,0.0287,0.1399
ga_c02_05,active_loop_ga,train,0.4385,"R²∈[0.30,0.70)",1.0,false,921,0.2666,0.0719,0.0267,0.1333
ga_c03_01,active_loop_ga,train,0.2246,R²<0.30,1.0,false,989,0.2893,0.0704,0.0289,0.1402
ga_c03_02,active_loop_ga,train,0.2609,R²<0.30,1.0,false,965,0.2813,0.0695,0.0281,0.1402
ga_c03_03,active_loop_ga,train,0.5301,"R²∈[0.30,0.70)",1.0,false,965,0.2813,0.0703,0.0281,0.1393
ga_c03_04,active_loop_ga,test,0.7681,"R²∈[0.70,0.85)",10.0,false,1018,0.2991,0.0718,0.0299,0.1365
ga_c03_05,active_loop_ga,val,0.2849,R²<0.30,1.0,false,1018,0.2991,0.0713,0.0299,0.1365
ga_c04_01,active_loop_ga,train,0.6282,"R²∈[0.30,0.70)",1.0,false,907,0.2617,0.0661,0.0262,0.1309
ga_c04_02,active_loop_ga,train,0.2494,R²<0.30,1.0,false,1021,0.3000,0.0663,0.0300,0.1266
ga_c04_03,active_loop_ga,val,0.4586,"R²∈[0.30,0.70)",1.0,false,1021,0.2995,0.0663,0.0300,0.1434
ga_c04_04,active_loop_ga,val,0.5671,"R²∈[0.30,0.70)",1.0,false,1020,0.2995,0.0672,0.0300,0.1305
ga_c04_05,active_loop_ga,train,0.2652,R²<0.30,1.0,false,1020,0.2995,0.0688,0.0300,0.1412
ga_c05_01,active_loop_ga,train,0.4819,"R²∈[0.30,0.70)",1.0,false,747,0.2086,0.0661,0.0209,0.1043
ga_c05_02,active_loop_ga,train,0.0360,R²<0.30,1.0,false,791,0.2235,0.0660,0.0289,0.1041
ga_c05_03,active_loop_ga,train,0.4057,"R²∈[0.30,0.70)",1.0,false,747,0.2082,0.0641,0.0208,0.1041
ga_c05_04,active_loop_ga,train,0.7197,"R²∈[0.70,0.85)",10.0,false,733,0.2041,0.0671,0.0204,0.1020
ga_c05_05,active_loop_ga,train,0.3151,"R²∈[0.30,0.70)",1.0,false,949,0.2759,0.0647,0.0276,0.1373
ga_c06_01,active_loop_ga,test,0.3357,"R²∈[0.30,0.70)",1.0,false,745,0.2080,0.0680,0.0208,0.1040
ga_c06_02,active_loop_ga,train,0.0287,R²<0.30,1.0,false,1016,0.2978,0.0751,0.0298,0.1489
ga_c06_03,active_loop_ga,train,0.3858,"R²∈[0.30,0.70)",1.0,false,849,0.2426,0.0695,0.0293,0.1213
ga_c06_04,active_loop_ga,train,0.4762,"R²∈[0.30,0.70)",1.0,false,735,0.2044,0.0687,0.0204,0.1022
ga_c06_05,active_loop_ga,train,0.1402,R²<0.30,1.0,false,854,0.2442,0.0681,0.0244,0.1221
mvp_c01,iter3_confirmed,train,0.8936,R²≥0.85,30.0,true,1022,0.2999,0.0892,0.0300,0.1500
mvp_c02,iter3_confirmed,train,0.8608,R²≥0.85,30.0,true,1022,0.2999,0.0896,0.0300,0.1500
mvp_c03,iter3_confirmed,train,0.8815,R²≥0.85,30.0,true,1022,0.2999,0.0895,0.0300,0.1500
mvp_c04,iter3_confirmed,train,0.6611,"R²∈[0.30,0.70)",5.0,true,1022,0.2999,0.0892,0.0300,0.1500
mvp_c05,iter3_confirmed,train,0.7156,"R²∈[0.70,0.85)",5.0,true,1022,0.2999,0.0891,0.0300,0.1500
mvp_c06,iter3_confirmed,train,0.6856,"R²∈[0.30,0.70)",5.0,true,1022,0.2999,0.0891,0.0300,0.1500
mvp_c07,iter3_confirmed,train,0.3653,"R²∈[0.30,0.70)",5.0,true,1022,0.3000,0.0893,0.0300,0.1500
mvp_c08,iter3_confirmed,train,0.8914,R²≥0.85,30.0,true,1022,0.2999,0.0896,0.0300,0.1500
mvp_c09,iter3_confirmed,train,0.2473,R²<0.30,5.0,true,1022,0.3000,0.0892,0.0300,0.1500
mvp_c10,iter3_confirmed,train,0.8998,R²≥0.85,30.0,true,1022,0.2999,0.0892,0.0300,0.1500
